user_id,actual
1,[ 8293439  1004906  1082185 10149640  9527558]
2,[ 916122  899624 1082185 1106523 1075368]
3,[1082185 1127025 1106523 8090521  832678]
6,[1082185 1024306  900802  878996 1029743]
7,[1126899 1082185 1106523 5568378 1029743]
8,[ 872137 1029743 1082185 1106523 5569230]
9,[1135468 1029743 1082185 1070820 1056005]
10,[1082185 1060872 1068719  979707 1138423]
13,[ 862070 1029743  951590  878996 1082185]
14,[1029743 1123106 1122358  902377 1082185]
15,[ 1106523  1098248  1082185 13073175  1029743]
16,[1082185  979707 1068719 1022254  860361]
18,[1082185 1010766 1068719 1003699 1081177]
19,[1029743 1106523 1044078  844179  916122]
20,[1075368 1126899 1082185  910109 8090536]
21,[1082185 1029743 1068719  979707 1106523]
22,[1070820 1082185  944836 1010578  897270]
23,[1034176 1051468  849202 1075368 1004436]
24,[1106523  935993 1094308 1101010 9835619]
25,[1082185 1029743 5568378 1106523  929018]
26,[1082185  896862 1029743  937292 1122358]
27,[1102416 1058709 1082185  949965 1048373]
28,[ 6533911   916122 13416117  8090546  6534030]
29,[1082185 1029743  950894 1044078  981900]
30,[6534480 1082185 1068719  979707 1106523]
31,[ 909714 1055504 1126899  819978 1040807]
32,[1082185  878996 1098815 1068719 5569471]
33,[1106523 1082185 1068719  979707 5569327]
34,[1029743 1082185  834117 1096635 1068719]
35,[ 1082185  1126899   953539  1029743 13841744]
36,[1029743 1084310  962229 1024306 1082185]
37,[1097001 1067695  916990 1073120 1132956]
39,[1082185 1126899 1127716  872137  838859]
40,[6034857  854852 1112205  878996  880150]
41,[ 909714  865705 1120009  913210 1126899]
42,[6602697 1082185 1031087 5995177  829621]
43,[1082185 6391137 1029743 1068719  863447]
46,[1029743  852856  878996 1082185  850102]
47,[1082185  986912 5569230 6534077  999104]
49,[1070820  911311 1129610 1028715 1082185]
50,[1082185 1068719  979707 6034857 1081177]
51,[1082185  947201  885290  965766 1044078]
52,[1106523 1081177  878996 1082185  971540]
53,[5569471  917732 6034857 1087102 1082185]
55,[1082185  871756  979707 1068719 1022254]
56,[5569230  979707 1082185  891415  832678]
57,[1106523  986912 1082185 8090537  842264]
58,[1082185 1070820  979707 1098844 6034857]
59,[6034857 1082185 1045586  866211 1081177]
62,[1082185 1068719  979707 6034857 1081177]
63,[1082185 1068719  979707 6034857 1081177]
64,[1013928 1074333 1131344 1106523  949023]
65,[1070820 1082185  965766 1075368 1029743]
67,[ 951590 1029743 5569230  933835 6534035]
68,[1029743 1101010 1106523  844179  916122]
69,[6602697 1106523  951590  845163  944137]
70,[1082185 1068719  979707 6034857 1081177]
71,[ 1008288  1056509  1082185 10149656 12302069]
72,[1070820 1001277 1082185  991874  978906]
75,[1082185 1068719  979707 6034857 1081177]
77,[1106523 1029743 1126899 1082185  916122]
78,[1082185  952972  835098 1039627 1067779]
79,[ 883932 1029743 1070820  856252 5569230]
80,[1029743 1082185  844179 1055504  993638]
81,[1029743 1082185 1093413  898847  971922]
82,[ 1084036 12810464  1082185   847573   819308]
83,[1082185 9575582 1059902 1138631  879393]
84,[ 903529 1082185  885290  951590 1016274]
85,[1082185 8203851  938596 1075368 1004906]
86,[ 865026 1082185  899201 1029743 5569376]
87,[ 1079528  1048257 13381584  1082185  6391089]
88,[1044078 1075368  844179  888104 1029743]
90,[ 862535 1082185  954673 1070820  979707]
91,[1029743  910151 1000148 1082185 9831557]
92,[12946027  1082185  1126899   871061  1127758]
94,[1082185 1068719  979707 6034857 1081177]
95,[1029743  983584 8090521 1088771  922561]
97,[1082185 1075368  979707  844179  883932]
98,[ 1091858   847241  1082185   974204 15972298]
99,[ 999563 7168286 5568378  916487  942341]
100,[1082185 1029743 1068719  979707  890695]
101,[5569230 5569845 1106523 5569471 1082185]
103,[1106523 1082185 5569471  899624 1029743]
104,[ 844179 5569230 1081177 1098844 1029743]
105,[1082185  969836 1004906  999858 6391381]
106,[5569230 6034857  916122 1138487 8090509]
107,[1082185 1106523  847434 1068719  979707]
109,[ 1082185  1126899  1046756 12731436   916122]
110,[1082185 1044078 1007549  844179 1135476]
111,[ 1106523  1082185   899624 13876914  1044078]
112,[ 933835 9527159 1082185 1070820 5569471]
113,[ 878996 1070820  822049 1001277  976199]
114,[1029743 1082185  948670  916122 5568489]
115,[1106523  983584 1095751  990688  918598]
116,[5569230 5569471 1082185 1019637 1104343]
117,[ 951590 1082185  948670  899682  852235]
118,[1082185  893018 1135476  859191 1048257]
119,[1082185  979707 1022254 1029743 1081177]
121,[1029743 1082185 8090537 5568378 1044078]
122,[1082185  940947 1086119 1116635 5569230]
123,[1029743 1082185 1056509 1031864 1044078]
124,[ 957063 1082185  892531 1106523 1004906]
125,[1029743  834117  999104 1082185 1126899]
126,[1004906 1082185  836445 1029743 1025611]
127,[1029743 6463752 1106523 1082185  983584]
128,[1082185 1098248 1029743  901062 6548453]
131,[ 1068719  1082185  1044078   899624 12731517]
132,[1126899  854852 1106523  999198 1050851]
133,[1082185 1029743  979707  999599  869728]
134,[1029743  913210 1106523 1097635  865456]
135,[1082185  852360  883202 1019389  944249]
136,[1106523 1082185 8090537 1026984 8090521]
138,[1098844  951590 1009361 5569230  979707]
139,[1082185  866211 1126899 1005898  968695]
140,[1082185 1037840 1137346 1106523  947798]
141,[1082185  854852  866211  854261 1068719]
142,[1082212 1013826  997011 1012315  893729]
143,[ 1082185  1029743  1106523 12731714  1075368]
146,[1082185 1029743 1068719  979707 6034857]
151,[1082185  872137  916122  948086  963365]
153,[1082185 1006063 1112405  897954  870452]
156,[ 894570 1106523 1000753 1070820  920109]
157,[ 962229 1082185 1126899 1083446 1070820]
158,[ 1082185 12731714  1025641  1128240   997423]
159,[ 853124  978129 1004906  846823 1082185]
160,[ 933835  951590 1087102  833598 1101010]
161,[1075368 5568378  935527  957063 1082185]
162,[1070820 6034857 1122358  998444 1029743]
164,[1029743 1106523 1082185 1081177  957736]
166,[ 951590 1029743 1106523  933835 1075368]
167,[1082185 5569230 1068719  979707 1072693]
168,[1082185 1029743 1068719  979707  880427]
169,[1082185 1068719  979707 1075368 6034857]
171,[1044078 1029743 1004906 1082185  916122]
172,[ 5569230 13158064  1082185   829722   891632]
174,[1082185 1106523  866211 1068719  979707]
178,[ 963686 1106523 1116376 8090521  951176]
183,[1106523 1082185 5568378  819840 1026118]
184,[ 896085  848319 1010578 1082185 1108776]
185,[1029743 5569230  838186 9245106 5569471]
187,[1082185 1068719  979707 1106523  866211]
188,[1082185 1106523 1068719  979707 6034857]
190,[1082185 1029743  825365 1068719 1021116]
191,[1082185 1068719  979707 1015785 6034857]
192,[1029743 5569230 9245106  994685 1082185]
193,[1029743 1106523  901656  957736  983584]
194,[ 878996 1051468 1082185  951412  912004]
195,[1062128 1082185 1062002  845208 1029743]
196,[1082185 1106523  870804 1081177  854852]
197,[1126899  951590  856252  963835 1082185]
198,[1029743 1106523 1068719  899624 1082185]
199,[ 863447 1082185 1098694 1082212 5564906]
200,[ 823990 1082185 5568378 1068719  979707]
201,[1138292 6034857  859010 1103476 5569327]
202,[1029743 1082185 1106523  962229  941515]
203,[1082185 1068719  979707 1070820 6034857]
204,[1070820 1082185  897946 6034857  872137]
205,[1082185 1106523 1026118  819840 6602327]
208,[1070820  965766  979707 1082185  865456]
209,[1029743 1068719 1082185 1101010 5569327]
210,[15926886   910473  1051323   844179  6034857]
211,[ 962229 1082185  945662  998444 1006878]
212,[1082185 8090521  988835 1029743 1044078]
213,[1082185 1068719  979707 1106523 6034857]
214,[1082185  916487  901062 1019643 1022340]
215,[  985999  1082185 12810393   871611  8019977]
216,[6533936 1082185 1008547 1075277  974204]
217,[ 986912  919534  895930  916122 1082185]
218,[1077133  993430 1097001 1029743  965772]
219,[1082185 1024306 1135476 1098844  866211]
220,[1029743 1082185  951590  979707 1004906]
221,[15926886  1082185  6424464  1130452  6424460]
222,[ 878996 1126899 1082185  866211 1024306]
224,[1029743 1106523  850925 1056267 1082185]
225,[1082185 1029743  897954 1004906 1068719]
226,[ 866211 1082185 1029743 5569327 6034857]
227,[9419198  890955 1082185  954424  871722]
228,[1082185 1139782 5569471 1126899 1068719]
230,[1029743  913210 1082185  844179 8090537]
232,[1049922 1014388  976199 5592931  913210]
233,[1082185 1122568 1068719  979707  926763]
235,[1070820  983584  961979 5565202 1125278]
236,[1082185 1126899  849202 1029743 5569471]
239,[1106523 1082185  835098 1044078  999858]
240,[1082185 1106523 1068719  979707 6034857]
241,[1082185 5569230 1068719  979707  863447]
242,[1082185 1106523 1029743  854852 1134882]
243,[6034857 1126899  901062 1082185  976199]
244,[ 834117 1082185 1004906 1048299 1119112]
245,[ 1106523  1132771  1044078  1082185 12731517]
246,[1082185 1070820 1068719 1029743 1106523]
247,[8090537  986912  901062 1082185  905636]
248,[1126899 1029743 1106523 8119101  883003]
249,[1029743 1106523 1082185  916122  965766]
250,[ 951590 1029743 5568378 8090537 7441210]
251,[ 852856  916122 1082185 1070820 1040807]
252,[1082185 1068719  979707 6034857 1081177]
253,[ 951590 1106523 5568378  971962 1044078]
254,[ 862535 1082185  952698 1068719  979707]
256,[  948670  5568378 13190349  1060193  1082185]
257,[6396492 1093413 1106523 1082185 5568378]
258,[1048257  906917 1044078  866211 9526572]
259,[ 940947 1082185 1087605  943169 1071446]
260,[1082185 1070820 1068719  979707 5568378]
262,[1082185 1016800 1040807 1019247 1008814]
263,[1029743 1044078  940947 1081177 1082185]
264,[1082185 6391086  979707  823099 1127831]
265,[1082185 1106523 1068719 6034857 1081177]
266,[1126899 1082185 5569471 1104349  999104]
267,[1082185  935393  929373 1106523 1068719]
268,[1051283 1082185 1044078  940947 1132956]
269,[1139782 1009361  938596 1026984  927508]
270,[1082185 5569230  986912 1068719  979707]
271,[1082185 1126899  819978  986912 1110244]
273,[1106523 5569230  856818  990869 6534480]
274,[1082185  993638 1068719  979707  883932]
275,[1106523  918638  819927 1081262  863447]
276,[1075368 1082185  847803  940947  825317]
278,[1082185 9833277 6034857  909268  871514]
280,[1106523  916122 1029743 1044078 1082185]
281,[1082185 1070820  854852  999104  913210]
282,[ 5571261 10344718  1082185   979707   957736]
283,[5569471  893018  984680  916122 5568729]
284,[1082185 1068719  979707 6034857 1029743]
285,[1106523  899624  844179 1013389  944534]
286,[1082185 1115069 1120361 1055504  966684]
287,[1029743 5569230 1106523 5568729 1082185]
288,[1082185 1026118 1070820 1098844 5577022]
289,[1104343 1082185 9707080  998444 1125497]
290,[ 962229 1029743  919489 1012587 1068719]
291,[ 911311 1106523 1082185 5568378  847139]
292,[1106523 1082185 5587656 1095998  950030]
294,[1106523 1029743 1082185 9837092  832661]
297,[ 907631  844179 1044078 5568378 1029743]
300,[ 1106523 12302069   944534  1082185   896757]
301,[  986912 12757280   874972  1015474  6034857]
302,[ 1082185   920900   892531 10344586   998119]
303,[1004906 5569230  883003 1098844 1098248]
304,[1082185 1029743 1106523  873627 1014948]
305,[1082185 8090532 1110244  910473 1055425]
306,[ 1082185  1101010 12781829 12782182  1029743]
307,[1074040 1065259 1019637 1135468 1114653]
308,[5569230  963835  887102  862010  911401]
311,[1106523 1082185 1029743  907099  916122]
312,[1082185  916122  844179  999858  979707]
314,[1082185  893018  865528 1106523 1029743]
316,[1044078 1025611  844179  999270 1131344]
317,[ 1082185  1029743 12984576   983584  1102003]
318,[5569230  962229 1106523 1082185 7025203]
321,[ 986912 1056509 1082185  993638 1058214]
322,[1082185 1070820  859427  971922 5569471]
323,[1082185 1126899 1068719  979707 6034857]
324,[ 951188 1027372 1082185 1090587 7168759]
325,[5569230 1082185  976199 5569471 9837092]
326,[1013928 1037840 1082185 8090537 8090521]
327,[1082185 1106523 1068719  979707  907631]
328,[1070820  878996  885290  979707 7168619]
329,[1029743  854852  878996 1022097  944836]
330,[ 1082185  1074040 13841744  1093113  1004906]
331,[1082185  896085 1029743 1106523 1075368]
332,[1029743 1082185 1070820 1056267  838186]
333,[1082185 1106523 1004906  899624 1068719]
334,[ 1082185  1056509  1106523   854852 10456408]
338,[1082185 1026118 1106523  835098  819840]
339,[1106523 1082185 1029743 1044078 5592931]
342,[1029743 1082185 1106523  916122 1070820]
343,[ 872137 1082185  864279 1034511  956902]
345,[1029743 6602697 1068719 5569230  878996]
346,[1029743 1082185 1101010  986912  819978]
347,[1082185 1029743 1068719  979707 6034857]
348,[1029743 1044188 1056509 1068719  899624]
349,[ 907099 1082185 5569471  824305 1029743]
350,[1082185  986912 1044078  883003 1087102]
351,[1082185 1106523 8020166  899624  894439]
353,[1082185  866211  979707  936830 1012514]
354,[8019233  849202 1097001  878996 1056509]
356,[1049735  947798 1029743 1082185 1106523]
357,[1126899 1122358  916122  880150  878996]
358,[5569230 1106523 1044078 5568489  844179]
360,[1082185 1068719  979707 5568378 6034857]
361,[5569230 1029743  844179 1044078  883932]
362,[  986912  1082185 12731714  1128395   993638]
364,[1082185 1106523 1029743  916122  899624]
365,[ 1082185   986912  1132771  1062128 14106445]
366,[ 1082185 12810422  1113111  1068719   979707]
367,[1070820  833724  852856 6034857 1082185]
369,[1082185 1126899 1068719  979707 1025611]
371,[ 954102  907631  929363 6602327 6034857]
373,[1082185 1068719  979707 1106523 6034857]
374,[1029743 1026118 1108094 1037840 5569374]
375,[6464165 1082185  957164 1027835 8090532]
376,[1044078  965766  999858  937292 1009187]
377,[1029743 1082185 1126899 1044078  899624]
378,[ 944534 1082185  948670  916990  874972]
380,[1106523 1082185  899624  951590 5569230]
381,[1075368 1082185 1081177 1034176 1029743]
382,[1029743 1082185  982112  979505 1068719]
383,[1126899  979707 1082185 1098844  944836]
384,[1075368 1065538  852856 1029743 1034176]
385,[1082185 6034857  933835 1087102  857503]
386,[ 1106523  1082185  5568378  1139023 12757140]
387,[ 1126899  1082185 14106445   916122   851819]
388,[1029743 1082185 1079338  820612  913210]
389,[ 1082185  1126899 12781564   996795   863447]
390,[ 951590 1082185 5569230 1029743 1058243]
392,[1051468  951412 1022254  940947  916122]
393,[1013928 1082185 1106523  899624 1044078]
394,[1137775  901062 1082185 1106523  867272]
395,[1082185 1070820 1068719 1029743  906844]
396,[1126899 1131384 1082185 1070702 1075368]
397,[1029743 1126899 9707080  933835 6904613]
398,[1022097 1082185 1029743  916122 1122358]
400,[5567702 1049735 5566235  827999 1056509]
401,[ 965766  986912  942166 1051323 6396492]
402,[1106523 5591520 1082185 1136033 1042571]
404,[9392953 1082185  966778  979707  971983]
405,[  948670  1101010  1087102  1082185 12301100]
406,[1082185 1029743 1068719  979707 1070820]
407,[1082185 1037840 1068719  979707 8090521]
409,[1070820  979707 1082185 1098248 5569471]
410,[1029743 1082185  844179 1044078 1096066]
411,[1082185 1029743 1050851 1106523  825994]
412,[  986912  1082185  1005274   995628 10344585]
413,[1106523 1082185  986912 5569230 1038985]
414,[1082185  940947 1106523 1029743 1068719]
415,[1082185 1068719  979707  864893 6034857]
417,[1082185 1029743  976199  844179 1135476]
418,[1029743 9677624 6534482 1082185 9677466]
420,[1082185 1068719  979707 1029743 6034857]
421,[1126899 1068719  976199 1070820 6034857]
425,[1106523 1070820 1082185  913210 5568378]
426,[  958027   899682  1082185   863447 14106445]
427,[1029743 1082185 1102416 1075368 1068719]
429,[1082185 1029743 1056509 1051323 1068719]
430,[1106523 1029743 1042571 5569230 1070845]
432,[1029743 1024306 1044078  916122 1004906]
433,[1106523 1082185  896613 5565202  989683]
434,[  971962  1068719  9837807  1082185 12301100]
435,[5569230 5569471 1082185 8090537 8090532]
437,[ 948670 1082185  839419  835098  913210]
438,[  951590  1070820 15926886   834117   832678]
441,[1038985  933835 1082185 1124971 6533681]
442,[ 835098 1126899 1082185 1001277 6034857]
443,[1082185 1081177  899624  992933 1106523]
446,[1082185 1068719  979707 6034857 1081177]
447,[1029743 1082185 1008675 1031864 1041796]
449,[1082185 1068719  979707 6034857 1081177]
450,[1082185 1024051  933835 1029743 1093413]
451,[ 999189 1044078 1082185  934639 1029743]
454,[1029743 5569230  844179 1106523  916122]
457,[1029743 1051323 1082185 7410335 1050851]
458,[5569230 1082185  916993  878775  999563]
459,[  986912   863762   885290  1082185 13008334]
460,[1082185  885939 1038692  979707 1068719]
461,[1050851  897954 1082185  863447 1004906]
462,[1082185 1137775 1011926 1105917  999858]
463,[ 1082185  1106523 12811532 12810393   939900]
464,[1082185 5569374  993638 1029743 9858847]
466,[1025611 1082185  979707 6034857 1081177]
467,[1106523 1029743 1082185  900802  911311]
468,[1082185 1106523  908504 1131506  907625]
469,[16100266  5569230   901062  1098248   916122]
470,[ 908314 1082185  871633  935770 1047349]
471,[1082185  999104 1106523 1022254 5569230]
474,[ 831628 1106523 1068719 1029743  866043]
477,[ 1068719  1029743 12731432  1082185  1126899]
478,[8203851 1082185  846823  919558 1068719]
479,[ 986912 1082185  910032 1015597 1037840]
480,[ 854754 1082185 1004906  857503 1070820]
482,[1082185  896974  937292 1044078  999779]
483,[1082185 1116005 1139216 1106523  947858]
484,[ 984575 1082185  946839  878775 1006483]
485,[1029743  972665 1082185 1083787 7166861]
487,[1082185  862682 1068719  979707 6034857]
489,[ 986912 1082185 1019247  837569  847139]
491,[1082185 6533936 1056509 1055504  951412]
493,[1029743 8249371 1068719 1082185 1070723]
495,[ 1082185  1029743 12810391   913210   852856]
497,[1029743  976199 8293447 8273833 1070820]
502,[1082185 1029743 1106523  979707  844179]
503,[1070820 5569230  947875  971983 8090536]
505,[1082185 1068719  979707 7462562 6034857]
506,[5568732 1082185  854496  987734  872342]
507,[1082185 1014948 1126899  893701 5568378]
508,[ 920191 1025611 1082185 1101010  879504]
510,[ 852856 1082185 1070820 1019643  844179]
511,[1029743 5569230  844179 1006664 1081177]
513,[ 844179 1093413  865026 1018740  999714]
514,[ 923169  866211  909714  908318 1127328]
515,[1106523 1082185 5592931 1004906 1051323]
516,[1082185  979707 6034857 1126899 1081177]
517,[1082185 1081177 1126899  976199 1098844]
518,[1029743 1082185  979707 1137775 1106523]
520,[ 913210  979707 1082185 1029743 1068719]
521,[  819840 12517450  1026118  1082185  1137688]
523,[ 970861 1077717  898121 1082185 9803601]
524,[1082185 1106523 1029743 7441498 1098844]
525,[1082185  883003 1117690 1124971  824305]
526,[5569230 1082185  913210 1029743  882604]
527,[ 901205  933835 5567582 1082185  912704]
531,[1082185 1029743  880888 5569230 1075368]
533,[1082185 1106523 1029743 1038663 1051323]
534,[1082185 1068719  979707  986912  831937]
537,[1116635 1004436 1128163 1082185 1126899]
538,[ 906838 5568378 1070820 1098844  947412]
539,[ 878715  856252 1006184 1082185 6548453]
540,[1068719  916122 1082185 1000237  859427]
542,[1082990 1106523  880888 1082185 1029743]
543,[8090537 8090521  820486  857176 1082185]
544,[1082185 1068719  979707 1081177 5569327]
545,[ 986912 1055504  922127 1082185 1040807]
547,[1082185 1106523 1068719  979707 1029743]
548,[ 1082185   970028 13007986  1001333   979707]
550,[1029743  917438 5585510  835098  854852]
552,[1044078  907631  985999 1082185 1069039]
553,[1029743  951590 1082185  849202  878996]
554,[1106523 1070272 8090537  824180  917438]
556,[1082185 1055504 1029743 1068719  979707]
557,[1082185 1126899 5569471 6034857 1068719]
558,[1106523  883932  999858 1082185  893018]
560,[1029743  957951 1117514  926905  835098]
562,[ 965842 1074333 1029743  916122  854405]
563,[1029743 1082185 1075368 5569230 1101010]
564,[1082185 1068719  979707 1132911  948384]
566,[1082185 1029743 1106523 1089025 1044078]
567,[ 824502  986912 1089766  839419 1106523]
568,[1106523 1042544 1044078 1038663 5568378]
569,[ 1082185 12428017  6391080   970160  1112238]
570,[1082185 1029743  938596 9676938  970866]
574,[1029743 1082185  854405  983584  897752]
575,[1106523 5569230 1070820  897270  976199]
576,[1082185  979707 1068719  952408 1022254]
577,[ 986912 1056509  827656  951590  872137]
578,[8273833 1082185 8090521  942166  822161]
579,[1082185 1068719  979707 1069181 6034857]
580,[1041796 1056509  917438  966348 1118946]
581,[ 858999 5569230 1126899 1004906 1084796]
582,[1082185 1026118 5569230  854852  848319]
583,[1082185  989824 5569230 1068719  979707]
586,[1029743 1004906  916122  948384 1082185]
587,[1082185 1068719  979707 6034857 1081177]
588,[1106523  933835 5569230 1050851  899624]
590,[5569230 1106523 1029743 1082185 1139216]
591,[1106523 1065017 1025611  869728  921438]
593,[1082185 1106523 1068719  979707 5569374]
594,[1029743 1082185 1106523  839419  933835]
595,[ 865992 1082185 1106523 1029743 1004906]
596,[ 1106523  8090521  8090537  1068719 12731621]
598,[ 1082185   976199  1068719  1106523 12949590]
600,[1046587 5569230  919766 1082185 5569471]
602,[1029743 1021116 1027168 1082185  944139]
603,[1082185 1106523  933067 1051323 1029743]
604,[ 900586 5569374 1082185  914577  879876]
605,[ 1106523 13133916  1126899  1082185   948670]
606,[1029743 1082185  845208 1027372 1106523]
608,[1106523 1082185 1138487 1038462 6979753]
609,[1082185  903529 1036939  979707 1106523]
610,[1082185 1068719  979707 7166862 6034857]
611,[1029743 8177622 1082185 6534030 6534201]
612,[1029743 5568378  871061 1103476  839656]
613,[1082185 1068719  979707  957063 8177622]
614,[5568378 1029743  965766  952408 1082185]
615,[  883003   971922  1082185  9835223 12731544]
617,[14106445 10344585   919963  1082185   837569]
618,[16100266  1106523   962229   899624  1101010]
621,[1082185 1112825 1112405 1137775 1107039]
622,[ 986912 1106523 1082185  902172  844179]
623,[1082185  934427 1068719  979707  896974]
624,[1106523 5592931 1082185  916122 1044078]
630,[15926886  1082185  1106271  1070820   916122]
631,[ 899682  979707  965842 1082185 5569230]
632,[1029743 1082185 1070820 1004906  874972]
633,[5590965 1097363 8090546  961730 8090537]
636,[8358933 1029743 1106523 5592931 1082185]
637,[ 926905 1037840 1000050 1082185 1035676]
638,[1029743  913052  878996 1016709 1053530]
640,[1082185 1106523  899624 9884698 1108168]
641,[1070820 1126899  999858 1076666 1131830]
643,[1082185 1029743 6534035 1122358 8090545]
644,[1082185  995226  848319 1023160  947441]
647,[ 951590 1029743 1082185  819978  933835]
648,[ 829645  854852 1081177 1026118  839419]
650,[1082185 1068719  979707 6034857 1081177]
652,[ 832678 1067695  890610  830503 1051211]
653,[1126899 1029743  979707 1037840  933835]
654,[1034176 1082185  864893 1098284  937413]
655,[5569230 1044078 1106523 1029743  863447]
658,[1082185 1029743  979707 1068719 1044078]
659,[ 925862 5569845 5574108 1082185 8090521]
660,[1126899 1082185  965766  832678  982790]
661,[ 5569230   986912 13158064  1082185  1055403]
662,[1082185 1070272 1068291 1029743  913210]
663,[1082185  945662 1029743 1106523 5569230]
665,[1082185 1029743 1059153 1068719  979707]
666,[1082185 5592261  957063 1044078 1106523]
667,[1082185 1092303  852360 6602590 1104343]
668,[1082185 5569471 6034857 1063594 8177622]
669,[1082185 1126899  854754  878996  951412]
670,[1029743 1082185  867138  971922  848319]
671,[1056509 1029743  847434 1082185 8090521]
672,[ 1082185  8090537 12949590  8090532   839243]
673,[1106523 1029743 1082185  979707  916122]
674,[1081177  878996 1029743  936914  908318]
675,[1106523  910673 1082185 1121384 1022254]
676,[1106523  947798 5569230 1044078  934427]
680,[ 1082185   844179 12301109   873627  6034857]
681,[ 856252  890695 5568378  850102 9677447]
684,[1082185 1106523  896974  965766 1068719]
685,[1015539 1097398 6534077  899624  844179]
687,[1029743  951590 1106523 6534035  844179]
690,[1037840 1082185  835098 1029743 1088771]
691,[1082185 5569471  916122 1127470  834117]
692,[ 878996 1135834 1104343 1019643 1082185]
693,[ 962229 1082185 1029743 1044188 1070820]
694,[1037840  883932  951590 1031316 1106523]
695,[1029743 1082185  899624  878996 1122358]
696,[1082185 1126899  878996 5569845  976199]
697,[  879445 12696089  1082185  1070820   916122]
698,[1106523 1082185  866211 1029743  899682]
699,[1029743  899624 5568378  999104  962229]
700,[1106523 1029743 5568378 5569845  899624]
701,[ 5569230 10344585   866211   854852  8065410]
702,[1029743 1106523 1056509  916122  852856]
703,[ 5569230 14106445  9881593   901062   901776]
705,[1029743 1082185 1126899 1106523 1060872]
706,[1070820 1082185  835098  913210 1050851]
707,[  965766  1014948  1137346   827999 13213475]
708,[1029743 1082185  916122 1092303  845208]
709,[1106523 1029743 5569230  933835 8090521]
710,[ 1106523  1068719  1082185 13382073  1024051]
711,[1037840 1082185  907099  979707 6034857]
712,[1070820 5568378 1056509 1135834 1082185]
713,[5569230 1075368 1082185 5569471 1068719]
714,[1082185 1029743  944534 1126899  944139]
715,[  885863  1106523   819978  1082185 12946027]
716,[1082185  979707 1022254 1126899 1068719]
717,[1082185 1016298 1068719  979707  940947]
718,[1082185  873324  845208  899459 1054483]
719,[ 895930  819978 1106523 1040807 1099802]
720,[1115069 1056212  863447 1055504 1082185]
721,[1126899 1082185 1068719  878775  979707]
722,[1106523  845208 1082185 1004906  925854]
723,[1043920 1071343  922651 1024731  878996]
725,[5568378  899624 1082185 1068957 1106523]
726,[1082185  880427  852600 8358383 1022254]
727,[1106523  846823  999779  944534  916122]
728,[1082185 1029743  977798 1013928 1106523]
729,[1082185 1068719  979707 6034857 1081177]
730,[1126899 1082185  960732 8019954 1043494]
731,[1082185  993379 1018007 8090532 1070820]
733,[5569471 7443137  999779 1082185  839818]
734,[6391381 1082185  970160 1055504  959737]
735,[ 1082185  1106523  1072523 13841744   901062]
736,[1029743  951590 9526448  955921  966778]
740,[ 878996 1024306 6034857  845208  866211]
741,[ 976199 1082185  916122  899624  999858]
742,[ 965766 1082185 1106523 5569230 1114653]
743,[1082185 1029743 1027068 1059994 1138487]
744,[1082185 6034857  833724 1056509  831628]
745,[1026118  933835  901062 1082185 1062002]
747,[5569230 1082185 5569845 1086740 1021715]
748,[1082185 1068719  979707 1106523 5569327]
749,[1082185 1029743 1068719  979707  866211]
750,[1082185  866211 1110244 1106523 5568378]
752,[1082185 1106523 1098844  986912  862725]
753,[1029743 1082185 1126899 1009187 1070820]
754,[1126899 1005274 1016785  841584  969403]
755,[ 1082185 12782182 12781829   878442  1100972]
757,[1082185 5569471  943892  947201 1117556]
759,[ 5568447   906844  1082185 10150194  1068719]
761,[1106523 1029743 1082185 5569230 1041796]
762,[ 986912 1082185  916122  884344 1097761]
764,[1029743 1082185 1106523  878996 7409618]
766,[1082185  901062  916990  848319  916122]
767,[1102067 1042571 1082185 1071342  868548]
768,[1029743  834117 1081177  913210 1082185]
769,[1106523 1082185  999858 5569230 1029743]
770,[1082185 1120839  979707 1068719 1022254]
771,[ 986912 6034857 1081177  933835 1068719]
773,[ 909714  938300 1082185  835973 1074754]
776,[ 1082185  1043971   972931   907631 12810393]
777,[6533608 1028891 1070820  862725 1046816]
779,[1082185  976199 6533362  822259 1054432]
781,[1001277  910673 6514011 1092303 1082185]
784,[ 5569230  1082185 15926886  1102250  1139782]
786,[5569230 1106523  972665 1082185  989069]
787,[1079528  999104 1082185  957736  934399]
788,[ 899624 1044078 1029743 1004906 5568378]
789,[ 922561 1082185 1068719  979707 6034857]
790,[1082185 1100273  850601 6704207  825621]
793,[8090545 1082185 8090565 1087605 8090539]
794,[1126899 1082185  950638 1029743 1051211]
795,[ 956125 1043751 1028995 1082185 1029743]
796,[1082185  969866  890269 1068719  979707]
798,[ 6534030 13841744  1082185  9655679  1126899]
799,[1082185 1126899  916122 1085357 1056509]
800,[5569230 5568378 6391086 1104343 9835509]
801,[ 9245106   909497   976199  1029743 12731685]
802,[1082185 1004906 1104343  983584  979707]
803,[1082185 5569230 1087753  969725  843259]
804,[1029743 1013928 1082185 1101010  899624]
805,[ 1029743  5568378   949023  1030093 15926886]
806,[1029743 1082185  870804 5572308 5590613]
807,[6034857 1029743 1024306 1126899 6534035]
808,[1082185 1029743 1100972 1016800 1008814]
810,[1082185  993638  863447 1024306 8203851]
811,[1029743 1082185  916122 1131344 1068719]
813,[1076187  834117 1082185 1068719  979707]
814,[ 825365 1082185  935842  907631 1043920]
816,[ 1082185  1075368 13213475   979707   916122]
817,[1082185 1121384 1070820 1060408 1075214]
818,[6602697 1029743 6602729  964521 9297151]
820,[8090509 1082185 9884698  856060  947798]
822,[  940947   933067 12301109  1082185   917407]
823,[1082185 6534480 6534077 6534035  899624]
824,[1106523 1082185 1068719 1004906  979707]
825,[1082185  915493  979707  854852  976199]
826,[ 961620 1082185 1068719  979707 1030093]
829,[1082185 1132771 1120839 1137775 1018740]
830,[1029743 1106523 1082185 1070820 5569230]
831,[ 916122  844179  951590 1082185  957736]
836,[1082185 1126899  990869  854852  851287]
837,[1082185 1126899 1112825  844179 1068719]
840,[1029743  916122  940947  999270 1082185]
841,[1044078  916122 1065259 1135468  863447]
842,[ 1029743  5569327 12349850  1018769 12301338]
844,[ 6602447  1082185  1026118 14106445   848319]
845,[1009361  825994 8090537 1082185 1126899]
846,[1082185  890695 1029743  837865 1004906]
847,[1005274 1041796 1062128  901062 1000462]
848,[1041796  878996 1044078  963365 1038985]
850,[1082185 1106523  823990 1128244  930666]
852,[1082185 1126899 1024306 1106523 1062128]
853,[ 951412 1082185 5570109  970202  961979]
854,[1123842 1027168 1082185 5568378 5569327]
855,[1029743  986912  916993 5569230  963868]
856,[1068719 1029743  944534 1082185  910673]
857,[ 1082185 10149640  1084310   883932  8019902]
858,[1070820 1082185 1068719  979707 6034857]
859,[5569230 1075368  951590 1029743 1008814]
861,[1072523 1106523 1075796 5569845  890739]
862,[1082185  832678  864335  933835 1041796]
863,[ 916122 1082185  986912 1029743  863447]
864,[1029743  899624 1101010 8090521 5568378]
865,[1106523  899624  844179 1075368 1082185]
866,[1106523 1082185  844179  983584 1044078]
867,[1075368 5569230 1082185 1106523  983584]
868,[1070820 1029743  834117 1082185 1022097]
869,[1044078 5592931 1082185  834962  895680]
871,[1029743  913210 5569230  983584  979707]
875,[1082185  971983  947875 7025202  835296]
876,[ 916122 1082185 1123106 1122358 1068719]
877,[1126899 1055504 6513604 1082185  899565]
878,[ 1106523 15926886   947798   986912   846823]
879,[1082185 1101010  904997 1000925 1106117]
880,[1082185  951590 1068719  979707 6034857]
881,[1029743 1082185 5569327 9884698  890695]
882,[1106523  844179 1029743 1082185  899624]
883,[1082185 1029743 8090440 1022254  961979]
884,[1082185 1106523 1014388 5569327 1029743]
885,[1106523 1082185 5568378 1038663 1081177]
886,[1070820 1082185 1126899 1004001  979707]
887,[1082185 1068719  979707 5585510 6034857]
888,[ 916122  933835  951590 1029743  859010]
889,[1126899 1082185  982955 1019643  983316]
891,[ 1106523 15926886   995965   866211   854405]
893,[ 1106523  1042544 15972565   923314   895295]
894,[ 825541 1082185  921406 1068719 1106523]
895,[ 866211 1082185 7024847  868888 5995603]
897,[ 928263 1082185 1070820 1079528 1029743]
898,[ 848319 1082185 1026118  845208  866828]
900,[ 972418  986912 1068719 5569230 1137771]
903,[1082185 1070820 1126899 1005274  916122]
904,[1106523  891505  836445 1082185  839656]
906,[ 826239  894406 1048237 1082185  860703]
907,[ 986912 1082185 1106523 1092588  896613]
908,[1104343 1082185 1106523 1022254  971922]
909,[1082185 9935616  976199 1029743 1014948]
911,[ 1082185  1024306   848319 10344585  1055425]
913,[10344585  1070820  1082185   834117   999104]
914,[ 986912 1082185 1029743 5577022  883932]
915,[ 880150 1068719 5569230 1082185  845208]
916,[ 824193  901557 1082185  916122  913210]
919,[1081177 1029743 1082185 1106523  899201]
920,[ 1106523  1082185  1097001 15926844   999779]
922,[1082185 1126899  850768 1132198 1044130]
924,[1029743 1075470 1116020 1121656  962991]
926,[1082185 1138443 1101706  916122  944836]
927,[1082185  916122  948298  908318 1068719]
928,[5565802 1082185 1029743 1115175 1068719]
929,[ 986912 1070820 1082185 1044078 8090521]
930,[1082185 1135468  883932 1029743  934639]
931,[1126899 1029743  913210  972235  940090]
934,[1029743  933835 1106523 5568378 1068719]
935,[1082185 1126899  828588  908318 1101445]
936,[1106523 1029743  986912 5569230  899624]
937,[1126899 1082185  995965 1134810 6034857]
939,[1029743 1106523 1102416  896085 1082185]
940,[10456164  1082185  1074040  1019637  1030093]
941,[1082185  919766  891654 9677236  874750]
942,[1015539 1029743 1082185 1014388  994994]
943,[ 1106523  1082185 13381584   899624   908504]
944,[1101010 1029743 1132771 1004906 1082185]
946,[1082185  944534 1093413  832678  825994]
947,[ 1082185   895930 12731544  1134483  1120839]
949,[1029743 1082185 8090521 8090537 5568378]
951,[1029743  823704 1082185 5569230  940947]
952,[ 1082185  1029743 10285335  1075368  1005274]
953,[1029743  999104  877310  870547 1007414]
954,[1082185 1068719  979707 6034857 1081177]
955,[5568378  911974 1137507  958382 5569327]
956,[ 986912 1029743 1070820  899624 1081177]
957,[1032703  943522  965009 5592931 1082185]
959,[ 1106523  1029272 13654702   899624  1082185]
960,[1082185 6979437 1030406  979707  824977]
961,[1082185 1070820 1029743 1088234 1070782]
964,[8090537 8090521  909714 1082185 1106523]
965,[ 1082185 12301100  6904613  1044078   944534]
967,[1082185 1068719  979707 6034857 1081177]
968,[1029743  976199  878996 1044078  965766]
969,[1082185 1029743 1068719  979707 6034857]
971,[1075368 1082185  919535 6602697  819978]
972,[ 6632283 13008334   832678   982790  1136719]
973,[ 1120190  8118764   878996 13007065 13417954]
974,[1082185 1068719  979707 5585510 6034857]
975,[ 1098248  5569471  5569327 13381584  1045228]
976,[1082185  933835  878996 5569230 1029743]
978,[1106523 1070820  912704  844179  878996]
979,[ 1082185  8066803   866211 13073225   904236]
981,[1082185 7146026  866211 1092937  871722]
982,[1082185  951590 5563693 5569230  986912]
983,[1029743 1075368 1044078  965766 8090537]
984,[1082185 1106523 9655078 1029743 1068719]
985,[1029743 1082185  863447 1098844  899624]
986,[8090440 1082185  927508 1029743  916122]
987,[ 986912  916122 1082185  819978 1137775]
988,[1070820 1082185 1106523 1116005 1044188]
989,[1029743  899624  916122 1089766  854852]
991,[1082185 1068719  979707 6034857 1081177]
992,[1082185 1068719  979707 1022254 5569327]
993,[1101010 1082185  971922 1138443 1056509]
996,[1081177  948670 1082185  953539  835098]
997,[1070820  994685 1019247  992649 1082185]
998,[1082185  899624 1037840 8065410 1000753]
999,[ 983584 1029743 1082185  907631 1106523]
1000,[  986912   854852 12427353  1042616   863632]
1001,[ 1082185 12301109   893018  8090570  1135834]
1003,[1082185 1068719 1029743 1070820  979707]
1004,[ 897083  995628 1054262 1029743 1082185]
1005,[ 1108168  1044078  1031864 12301100  1082185]
1007,[1082185 1029743  834117 5569327 1068719]
1008,[ 910473 1082185 5569230 1068719  979707]
1010,[1076954  953539 1008675  971922 1082185]
1011,[1029743  944836 1082185  916122 1126899]
1012,[1082185 1070820 1068719  979707  901062]
1014,[1029743  948670 1082185  976199 9827950]
1015,[1082185  947412 1029272 6602697 1101104]
1018,[1070820 1075368 8090521 1082185  936355]
1019,[1106523 5567325 1026118 1043663 1082185]
1020,[ 1070820  1029743   916122   844179 16100266]
1021,[1082185  852856 1029743 1070820  979707]
1023,[ 974204 1026058 1131830 1044259 1062002]
1024,[  908318 15926886  1008288  1106523  1043751]
1025,[1106523 5568378 1029743 8090537 8090521]
1027,[1082185 1101010  899624 1126899  922561]
1029,[ 885290 1126899  896666 1021416 1022254]
1030,[ 986912 1082185  911311 1135834 1038174]
1034,[1082185 1126899 1003616  934172  965766]
1038,[1082185 1106523  979707 1068719 5568378]
1039,[1029743  820923 1044078  972665 1120839]
1040,[1075368 1082185 1126899  999090 8090536]
1041,[1029743 1106523 1038663 1082185 1044078]
1042,[ 916122 1082185  856252 1044078  906838]
1043,[1082185 1068719  979707 6034857 1081177]
1045,[1029743  985893 1082185  831509 1043663]
1046,[1126899 6034857  888104 1082185 8293426]
1047,[ 844179 1082185 1056847  899624 1044078]
1050,[ 1106523   899624   863447  1081177 12301338]
1051,[6534578  921504 1137775 1082185  951590]
1053,[ 979707  916993 1082185 1107839 6602327]
1057,[1117219  916990 8090532  892531 1079528]
1058,[1044078 1106523  883003 5568378 1082185]
1060,[1082185 1068719  933835 1022254 1081177]
1061,[1106523  943522  875089  965009  899624]
1062,[1082185  844179  957736  974204  979707]
1064,[  854405  1138443  1082185 15926844  1070820]
1066,[1082185  944534  835098  883932  965766]
1067,[1029743 1126899 1082185  916122 1075368]
1068,[1025611 1059902  986912 1082185  989069]
1069,[1029743  844179  999858  904129  989069]
1070,[1082185 1029743  983584 1123842  856345]
1071,[1082185 1029743 7168026  901460 5592610]
1073,[ 965766 1082185  916122  873627 9365106]
1074,[ 1029743 10344585   965766   854754  9881593]
1075,[  999270  1106523 10149640  1029743  1082185]
1076,[1082185  999714 1075368  865456 1038663]
1077,[951590 891632 870547 972665 937292]
1078,[1106523 1082185 1126899 1026118 1029743]
1080,[1106523 1029743 1068719  899624 8090537]
1081,[1106523  916122 5569230  899624 1012627]
1082,[1106523 1082185  988202  992826  863447]
1083,[1082185  904148 1029743  999270  896862]
1084,[  951590  1082185  6704207   956486 13115375]
1085,[1106523 1029743  844179 5568729  874972]
1086,[12731714  1076954   916122  1138443  1008074]
1087,[1106523  844179 1072523 1082185  899624]
1088,[1068719  997011 1082185 1136524 1093697]
1089,[ 947798 1138292  999779 1029743 1026984]
1090,[1082185  941797 9333734 1068719  979707]
1091,[ 1029743  1082185 12302069   965766   879504]
1092,[1082185 5569230  993379 1067779 1068719]
1093,[1029743  962229 1106523 1082185 1004906]
1094,[5568378 1029743  933835 1082185  976199]
1096,[ 999250 1082185 1026118 1106523 1125278]
1097,[1106523 5585510  878996 8090440 8181451]
1098,[1029743 5585510  899624  908314  901062]
1100,[1082185 1068719  979707  910473 1034176]
1102,[1044078 1082185  866211  865456 1029743]
1103,[ 1126899  1082185  1029743 12188587  1051211]
1104,[ 986912 1114605 1065979 1015280 1082185]
1105,[1082185 1068719  979707 6034857 1081177]
1106,[12757316  1082185  1129049   849202  1068719]
1108,[1082185 1029743 1068719  979707 6034857]
1109,[1105917 1115576  899624 1070820  836085]
1110,[1775642 1070820 1031316  948650  916122]
1111,[1082185 1106523 1025650  872826  819840]
1112,[1075368 1082185 1010681  942278  976199]
1113,[1082185  917543  916122 1126899 1029743]
1114,[1051211 1082185  937791 1029743  997011]
1115,[1082185 1068719  979707 1081177 5569327]
1117,[1106523 1029743 5569230 1082185 1081177]
1119,[1029743 1082185  844179 1035676  863447]
1120,[1082185 1004906 1068719 1029743  916122]
1121,[ 962229 1082185 1106523 1029743 1070820]
1123,[1126899 1082185 5569230  986912 5568378]
1124,[1082185 1106523 1068719  979707 1056509]
1127,[1082185  999779 1068719  979707 1029743]
1128,[1082185 5592931  999198 1044188  921406]
1129,[1126899 1082185  909714 1029743 1070820]
1130,[ 1082185  1044078  1088771 12731544   978077]
1131,[1029743 1075368 1082185  993638  946995]
1132,[1025611 1106523 1044078 1004906 1082185]
1133,[1135476 1029743 1082185 1122358 1106523]
1134,[ 948670 1070820  916122 6554544 1046562]
1135,[1082185 1029743  979707  893018 1068719]
1136,[5569230  999779 1106523 1082185  907631]
1137,[  924667   935527  1082185   885290 12301405]
1138,[15926886  1097398  1015539   941515  1082185]
1139,[1082185  885290  856345 1115576 1028891]
1141,[ 1029743  1082185 13841744   956666  1022428]
1142,[ 878715 6034857 6602697 1067695  882826]
1145,[1082185 1029743 1106523 5568378 1112754]
1146,[1029743 1106523  854852 1004906  958382]
1147,[1068719 6034857 5585510 1106523 1016800]
1149,[1026118 1082185  919681 1068719  979707]
1151,[6602697 1136524 1122358  962266 1128244]
1152,[1029743 1082185 5569471  963234 5569374]
1154,[1106523 1000148  842698 1001333 1082185]
1155,[1106523  878996 1082185 1016800  992650]
1157,[1070820 1082185 1069506 1004906  960732]
1158,[1049735 1044078 1106523 1042544 8090521]
1159,[8090532 1082185 1068719  989683  842698]
1160,[ 1106523  1068719  1082185 12302069   969866]
1161,[1082185 1126899 8090537 1070820 1106523]
1163,[1082185 1029743 1056509  899624 1044078]
1164,[1098892 1070820 1082185  893676 9803819]
1166,[1029743 1082185  899624  854405 1090884]
1167,[1082185 1070820  862070 1062002 5568378]
1168,[1055044  983584 1019637 1082185  916993]
1169,[ 1106523   846823 12946027   929373  1138443]
1171,[1075368 1082185 1068719  979707 6034857]
1172,[1122358  963686 1029743  976199 1009368]
1174,[1106523 1082185 1068719  896862 1012587]
1175,[8066803 1098844 1082185  907099 1045710]
1176,[1082185 1068719  979707 6034857 1081177]
1178,[1104343 1082185 6464165 1004906 6463710]
1179,[ 962229 6514011 6514030 1082185 5568378]
1180,[ 1029743  1038985  1106523   863447 12452939]
1182,[1044078 1106523  899624 1082185 5592931]
1183,[1082185 1106523 1068719  979707 6034857]
1185,[1106523  895930  844179  899624 1121360]
1186,[ 1098844  6034857 14106445  1082185   866211]
1187,[1106523 1088555  951176 1025611  910673]
1188,[1106523 1082185  883202 1044078 1131384]
1189,[1082185 1106523 1068292  819840 1026118]
1190,[1082185 1029743  868645 5568378  949294]
1191,[5569230  951590  865528 1081177 1082185]
1192,[1082185  979707 6034857 5569327 5568378]
1193,[1013928 6534074 1075470 1106523 1082185]
1194,[1106523 1044078 1082185 1119761 1038745]
1195,[1075368 1082185 1029743 1091090 7155863]
1196,[ 854852 1012801  878996 1070820 5565202]
1197,[8090532 8090521 1082185 1132771  933835]
1198,[1082185  915064  879506 1005274 1068719]
1201,[1082185 1056509 1029743 1068719  979707]
1202,[9925966 1082185 8293447 1068719  979707]
1203,[ 1106523   916122   951590 12302069  1052729]
1204,[1082185 1106523 1029743 1037840 1097001]
1205,[5569230 1029743 5592931 1106523 1072086]
1206,[1029743  900802 1106523 1044078 6514011]
1207,[ 5569374  5568489  1082185 13115501  5569230]
1208,[1114653 1044078 1082185 1024051  866211]
1209,[1082185 1068719  979707 6034857 1081177]
1210,[1082185 1068719  979707 6034857  963971]
1211,[6034577  879504  918598 9396705  977927]
1214,[1082185 1068719  979707  882826 6034857]
1216,[5569230 1082185  999625  946995 5569471]
1217,[1029743 1075368 1004906  916122 1056509]
1218,[1070820 1082185 1026118 1027168  901062]
1219,[1082185 1068719 1090711  846760  979707]
1221,[1029743 1055504 1082185  916993 1098844]
1222,[1091090 1106523 5569230 1037840 1082185]
1223,[1029743 5568378 1021324 8090521 1082185]
1224,[1029743  920191 1082185 1068719 5569471]
1225,[1029743 1082185 1106523  999779 1091520]
1226,[1082185  913210 1070820  834117 5568378]
1227,[1082185 1068719  979707 6034857 1081177]
1228,[ 866211 1068719 8019186 1022254  878996]
1229,[ 979707 1070820  965842 5569230  845208]
1230,[1082185 1068719  979707  825343 1106523]
1231,[1029743 1082185 1062340 1117514 1070820]
1234,[1082185  965842  844179  885406 1043837]
1236,[1037840 5569230  962229 1056509  965766]
1238,[ 951590  979707 1082185  890610 6424471]
1240,[1070820  825541  834117 1081177  913210]
1241,[1082185  969568 1075368 1029743 1138858]
1242,[1082185 1070820  854852 1068719  883003]
1245,[ 896974 1112766 1058185  834117 1082185]
1246,[1126899 1108094 1082185 1029743 9655676]
1247,[1029743 1126899  951590  899624  921504]
1248,[ 951590 1106523  971922  888054  866755]
1249,[1106523 1082185  972931 1068719  979707]
1252,[1082185 8090533 1119946 5569471 1047619]
1255,[1082185  856252 1106523 1068719  979707]
1256,[ 976293  878996 1126711  979707 1000542]
1257,[1082185  979707 1068719 1022254 1126899]
1258,[12946027  1082185  1051211  5569471   983000]
1259,[8177622 6533608  916993 1082185 1037332]
1260,[ 949257  867469  833724  901666 1098248]
1261,[1082185 1055044 1110042  870843 1070820]
1262,[1082185 1029743 1106523 1068719  979707]
1263,[1082185 1029743  995965 5569327  835578]
1264,[1106523 1029743 1082185  916990 1070820]
1265,[1082185  879504 1042544  878636  865511]
1266,[  899624 12810391   863447  1082185   916122]
1267,[1082185  916122 1098844  979707 1070820]
1269,[1082185 1070820 1029743  899624 1106523]
1270,[1082185 1106523  900802  951590 1026118]
1271,[1029743  878996  947412  951590  835098]
1272,[  974766  6034857  1082185 16100266   854852]
1274,[ 865528 8090537 8090521  951590 1070820]
1277,[1106523 1006483  866211  916122 7441210]
1278,[1082185 1106523 1029743  838186 1086061]
1279,[1106523  951590  965766  854852 1004906]
1280,[1082185 1068719  979707 6034857 1081177]
1281,[1131344 1082185 9833277 1128016 1068719]
1282,[ 845208 1068719  899624 1106523 1081177]
1283,[1082185 1068719  979707 1044078 6034857]
1284,[15926886   899624   999779   893018  1004906]
1285,[5569230 1106523  921504 1082185  916122]
1287,[ 965766 1042438  872137  854852 1082185]
1288,[1081177 1090587 1082185  897954 1106523]
1289,[5569230 1029743 1106523 1082185  884756]
1290,[1082185  837865 1068719  979707  933067]
1291,[ 976199 1082185 1081177 1106523 1044078]
1293,[1044078  844179 1004906  899624  944534]
1294,[1126899  991223  913210  878996 1081177]
1295,[1029743  893018 1082185 7410335  844179]
1296,[1082185  880150 7467039  986869  935578]
1297,[1082185 1026118  870515  882247 1106523]
1298,[ 1004906  1082185   824193  1029743 15717057]
1299,[1029743 8090521 1082185 1106523  897125]
1300,[1055504 1082185 1128240  976199 1044078]
1303,[1081177  844697 1029743  976199  866211]
1304,[1029743 1106523 1082185 1118623  871611]
1305,[1106523 5569230  983659 1069538  944139]
1306,[  951590  1068719 12301839  1082185  1051323]
1307,[1082185 1119405  854852 9297574 1006483]
1310,[1082185  901062 1068719  979707  819978]
1312,[8119101 1082185 1029743 1126899 5569230]
1313,[1029743 7160764 1082185  910032  899624]
1314,[1029743 1102416  862070 5569845  976199]
1316,[1029743  866211 5568378 1002771 1082185]
1317,[1029743 5568378 1138292 5568489  947798]
1318,[1082185  925862  852235 1138487  951412]
1319,[1082185  916122 1029743 5569471 6534030]
1321,[1106523 1075470 9803545 1082185  893018]
1325,[6602697 6602327 1098844  890423  837270]
1326,[1029743 5568378 1081177  844179  899624]
1328,[ 951590  875089 1029743 1083787  883003]
1329,[1082185 9526628  841220 1008032 1044078]
1330,[5569230 1101010 1106523 1082185  849202]
1331,[1029743 1082185  994685 1041796 1044078]
1332,[ 1062128 15452705  1082185 12757544   859426]
1333,[1126899 1022097 1082185 1053988  888586]
1334,[8090537 1054185 1082185 1043956 1044078]
1335,[1010681  836286  835973 1082185 1009187]
1336,[ 916122  896862 1044078  979707 1082185]
1337,[ 962229 1082185 6773232  983584  923670]
1338,[ 1106523   989069   940731  1082185 13210025]
1340,[1082185  999858 1068719  979707 1024032]
1342,[1082185 1068719  979707 6034857 1081177]
1343,[1082185 1068719  979707 1029743 6034857]
1344,[1029743 1008288  834117 1082185  945662]
1346,[1082185 1022527  859427 1082212  916122]
1347,[1037840 1029743 1031864  849202 1108168]
1350,[1029743 1106523  965766 1051323  899624]
1351,[1082185 1029743 1106523 1068719  979707]
1352,[ 1082185   915493   976199 10149640  1022254]
1353,[ 8090521  8090537  1068719  1137775 15926844]
1354,[ 1082185  1100972  9527159   878996 10285373]
1355,[1082185 1068719  979707 6034857 1081177]
1356,[5569230 1070820 1082185  836286  886686]
1357,[5569230 5569471  866548 1082185 8090521]
1358,[5569230 1029743 5568378 8090521 5568489]
1359,[ 916122 1029743 1082185  893018 1106523]
1360,[1076954 1087411 1133157 1082185 1051989]
1361,[1131634 1082185 6034857  878996  972665]
1362,[7168026 7169088 1097350  921406 1082185]
1363,[5569230  933835 1029743 1082185 1070702]
1364,[1082185 1029743 1070820 1137387  960732]
1366,[14106445  5566800  1101010   901062   922561]
1367,[1070820 1126899 5569230  933835  962229]
1368,[ 951590  944137 1070820 1009368  963835]
1369,[1126899 1082185  916122  854852  970202]
1370,[1106523 5563693 8090521 1068957  844179]
1373,[1082185 5585510 5569230 1068719 5569471]
1374,[1106523  962229  961979 1004906 1082185]
1375,[1082185 6034857 1106523  899624 1029743]
1376,[1029743 1082185 1034176  844179  922753]
1378,[6552318 9653535 1097001 1082185  917407]
1379,[ 962229 1029743  899624  944137  867215]
1380,[1082185 1029743 1106523 1068719  979707]
1381,[1082185 1106523 1068719  979707 6034857]
1382,[1082185 1029743  834117  899624 8090532]
1383,[ 8293447 13190349 12987976  5585510   872177]
1384,[ 985999  999270 1004906  916122  844179]
1385,[1106523 1029743  878996 1059902 1112754]
1387,[1068504  944534  854133  917438  844179]
1388,[1082185  990797 9803810 1027168 1022066]
1389,[1082185 1121694 1123045  979707 1019278]
1390,[5569230 1029743  831628  844179 6534077]
1391,[1082185 1106523  872137 1004906 6034857]
1393,[1126899 1010259  901062 1082185  881853]
1394,[ 1082185  1101437 13115981  1032114  1106523]
1395,[ 906844 6533608  951590  880427 1126899]
1397,[ 1106523   944534  1029743   918046 15926886]
1398,[1082185 1068719  979707 6034857 1081177]
1399,[6034857 1082185 1116741 9673830 1093571]
1401,[1044078 1082185  878996 1027168 1043663]
1402,[1106523 1082185 1004906  965766  969866]
1403,[1082185 1070820  979707 1075368  965766]
1405,[ 893018 1082185 1029743 5569471  922636]
1406,[1029743 1082185 1138443  899624  948298]
1408,[1082185 1029743  851819 1106523 1040145]
1409,[  942565  5569230 12302069  1042907   863447]
1410,[1029743 1031316 1082185  847573 1106523]
1412,[ 885290 1029743  965766  999714 1082185]
1413,[1082185 1068719  979707 1051323  892531]
1414,[1126899 1082185 1068719  979707  851287]
1417,[1082185 1068561  913210 1106523  916122]
1418,[ 1082185 15926886  6463775  1070820  1068719]
1419,[5568378 1048727 1014732 5591170 1019637]
1421,[ 5569230  1029743   856252 15926886   844179]
1423,[ 1056509 13008334  5981267 13007435   837495]
1425,[1101010 5569230 1029743 8090521 8090537]
1426,[1082185 1029743  919534 1106523 8090537]
1427,[ 996009 1082185  866211 1046587 1029743]
1428,[1029743  844179 1082185  913210  976199]
1429,[1082185 1003524 5591939 8119302  898363]
1430,[1126899 5569230 1029743  899624 1068719]
1431,[ 1029743  5569230  1082185   916122 12301109]
1434,[1075368 1106523 1082185 1037840  917384]
1437,[ 893018 5569230 1082185 1044078 1029743]
1440,[1056509 1106523  916122 1029743 1043751]
1443,[1082185  906844  979707 1057168 1022254]
1445,[1029743 6034857 1009361 1044078 5592931]
1447,[1082185  913210 1068719  979707 6034857]
1450,[1082185  979707 1029743 5569230  845208]
1451,[1082185 1029743  999779 1070820 1044078]
1452,[1013928 1029743 1106523 1082185 1016298]
1453,[ 986912 9242918 6602697 1135476 1092588]
1454,[1082185 1029743 1045228  979707 5569471]
1457,[1106523  910673 1044078  863447  823990]
1458,[ 976199  845208 1083787 1128016 1082185]
1459,[ 854852  844179 5569230  872137  857130]
1461,[1082185 1029743  844179 5569230  940947]
1462,[1114251 1082185 1131382 1062002  916122]
1463,[ 986912 1082185 1075368 1106523 8090560]
1464,[1082185 1029743  916122 5569471 1100972]
1465,[1082185  921406  916122  971922 1075368]
1466,[1082185  854852 1126899 1000462  916122]
1467,[  986912  1082185  5569327 12648296  1042438]
1470,[1070820 1029743 1082185 1063739 5590613]
1471,[1082185 1068719  979707 6034857 1081177]
1473,[5568729 1126899  866211 1098844  901666]
1474,[1106523 1082185 1037840 5568378  844179]
1475,[ 933835  865456 5996368 1056509 1070820]
1476,[1092303  907099 1115576  823099  964462]
1479,[1029743 5568378  932462  977374  986912]
1480,[1082185 1068719  979707 6034857 1081177]
1481,[8090537 1082185 9487553 7409874  885290]
1483,[5569230 5569471 1058214 8090521  971922]
1484,[1004906 1082185  880150 1098844  944836]
1485,[1082185 1106523  878715  953561 1029743]
1487,[5569230  940947 1075368 1029743 8090509]
1488,[ 979674 1126899 1082185 1029743 5568378]
1489,[5569230 1029743  983584 1044078  849202]
1490,[  863447 10180324   874972  8293447  9297574]
1491,[1106523  951590 1029743 1082185  901062]
1492,[1082185 7168026  979707  934427 1068719]
1493,[8090521 1082185 1106523 5569230 1051323]
1494,[1068719 1004906  836445 1004390 1044078]
1495,[ 831407  969866  908318 1082185 1108131]
1499,[14106445  1082185   908318   963365  7024830]
1500,[1082185 1059153 1044078  916122 1122358]
1501,[1082185 1070820  872137 1098844  882247]
1502,[1082185 1070820 1068719  979707 1012701]
1506,[ 1044078  1004906 12301100   952972  1000753]
1507,[ 1106523  1122358   899624   825218 13841744]
1508,[1122358 1126899 1082185 6034857  951412]
1509,[1029743  926905 1082185 5578547 1016800]
1510,[ 986912  951590 5569230  944137 1001475]
1511,[1106523 5569230 5569845 5569471  907631]
1512,[1082185 1029743 1106523 1068719  979707]
1513,[1029743 1082185  940947 1044078  862318]
1514,[1126899 1006184 1027168 1082185 1121393]
1515,[1009361 1082185 1029743  880888  834117]
1517,[1070820 1044078 1137775  819978 1053282]
1518,[ 874972 1082185 1029743 1106523 1070702]
1519,[1070820 5569230 6034857  854754  916122]
1520,[1029743 1008547  947326  896862 1082185]
1521,[ 944534 1082185  940947 1068719  979707]
1523,[1082185 1029743 1126899 1056509 1068719]
1524,[1082185  973086 1114251 1126899 8358383]
1525,[1068719  853124 1029743  866211  893018]
1526,[ 986912 1082185  842698 1109778  900586]
1527,[1029743  951590 5569230 1082185  866211]
1528,[1029743 1075368 1006922 1082185 1106523]
1529,[1106523 1082185 1069039 1125837  898847]
1530,[ 938300 6548453 1082185  907099 1029743]
1531,[1082185 1126899 1075368  979707  820321]
1532,[6534030 1082185 5569471 5566307 1067425]
1533,[1082185 1068719  979707 1070820 6034857]
1534,[ 1082185  1070820   855745 13512837   851146]
1535,[1106523  844179 8203851 5568378 5569845]
1536,[1029743 1082185 6034857 8090532  825365]
1537,[1082185 1029743 1068719  979707 1126899]
1539,[1082185 1068719  979707  824193 6034857]
1540,[1082185 5568378 1081533 1106523 8015407]
1541,[1029743  901666 1098248  901062 1004001]
1542,[ 935993  942166 8090521 1082185  981660]
1543,[1082185 1029743 1124029 5568378  916122]
1545,[1106523 1082185 8090521  965502  990797]
1546,[ 907631 1068719 1053489 1029743 1070129]
1547,[1082185  901062 1132789  999391 5569471]
1548,[ 890423 1029743  856252  907631  835098]
1549,[ 986912 8203851 1082185 1122358 1106523]
1550,[1082185 1106523  830615 1044078 1038663]
1552,[1029743 1082185 1004906  866211  944836]
1553,[1082185 1068719  979707 6034857 1081177]
1555,[1029743 1082185 1106523  986912 1068719]
1556,[1082185 1044078 1041796 1068719  844179]
1557,[1082185 1106523 1006184 1095944 1135476]
1558,[ 839438  944137 1030093  995226 9803810]
1559,[ 946995  916122 1026118  823704 1026945]
1560,[1029743 1121384 1082185  916122 1021519]
1563,[1070820 1126899  899624 1029743 1106271]
1564,[1082185 1068719  979707  999250 6034857]
1566,[ 943940  849202  979707  976199 8293447]
1567,[1082185 1026118 1051516 1098248  835300]
1568,[1106523 1082185 1104343 1050851  899624]
1569,[1029743 1044078 1008547 1082185  878996]
1570,[1082185  979707 1041796  908318 1068719]
1571,[1082185 1070820  976199 1068719  979707]
1572,[1082185 1126899 1005274  982755 9835509]
1575,[  900802   901062 10457590  1022254   878996]
1576,[1029743 1037863 1082185 1068719  979707]
1577,[1029743  969725  877770 1006483  843898]
1578,[1029743  916122 1082185  844697 8090537]
1579,[ 948670  933835 1101010 1068719  916122]
1580,[1082185 1029743  934639 1079987  946839]
1581,[1029743 1082185  916122  909714 5569471]
1584,[1106523 1029743  965766  901062  957736]
1585,[1082185 5568729 5569471 1110111 1015548]
1587,[1029743  899624 1082185  898867 1051211]
1588,[1082185 6034857  916122 6602697  901062]
1590,[1026118  944836 1055425  999104  854852]
1591,[1070820  896085 1082185 1068719  854852]
1592,[1082185 6391134 9297159 6979526 1128938]
1593,[1082185 1029743 5569471 1068719 1005274]
1594,[1106523 1068719 1082185 5590613 1112754]
1595,[1082185 1038985  971922 1110042 1137775]
1596,[ 901776 1091090 1042571 1040807 1046816]
1598,[5569230 1029743  986912  916122 1068719]
1599,[ 944137  944534 1025611 1002787  933067]
1600,[1082185 1112754 1108131 1068719  979707]
1602,[ 1029743  1070820  1082185 14106445  8293729]
1604,[ 832678  944486 1051211 1082185  968164]
1607,[5569471 5569845 5569230 8090537 8090521]
1608,[1026118 1106523  863447 1082185 1031864]
1609,[1029743 1082185 1127831 5569230  951590]
1611,[1082185 1029743 1068719  979707 1026118]
1612,[1029743  901062 1126899 1070820  866211]
1614,[1082185 6773232 1068719 1116050 1048373]
1618,[1006184 1138443 1082185 1092303  971922]
1619,[ 1075368  1062340 12731621  5563693   834117]
1620,[1106523 5569230 9245106 1081177  899624]
1621,[1106523 1042544  933835  845914  885863]
1622,[1031864 1029743 1091901 1030577 1062002]
1623,[1106523 1068719 9488065 1044078 1082185]
1624,[1082185  986912 5569230  819840 5569845]
1627,[1082185 1029743 1070820  861184  880427]
1628,[1082185 1106523 1068719  979707 6034857]
1630,[1107760  889692  990869  948670  864893]
1631,[1089766 1029743  844179 1049735  947798]
1632,[1070820 1082185 8090440 1062002  909714]
1633,[1029743  916122  844179 1101010 1135834]
1634,[1029743 1044078 1082185 1070820 5569327]
1636,[1082185 1068719  979707 6034857 1081177]
1637,[1014948  978879 1082185  948384  827999]
1638,[1004906 1082185 1138443  916122  846823]
1640,[ 916122 1106523  957063 1082185 5568378]
1641,[1126899 1082185 1068719  979707 1125530]
1642,[1106523 1117514 1062340 1070820 1029743]
1643,[1082185 1102207 1029743 1068719  979707]
1644,[1082185 1068719  979707 1029743 1128016]
1645,[1082185 1068719  979707 1081177 5568378]
1646,[1082185 1029743 1068719  979707 1126899]
1647,[1082185 1068719  979707 6034857 1081177]
1648,[1082185 1106523 1068719  931255  845208]
1649,[1082185 6391381  916122  979707  854852]
1650,[1082185  866211  944137  854852 6034857]
1651,[6034857 1082185  902037 1135044 1114483]
1652,[1034176 1082185 1029743 5567502  885697]
1653,[  870843  1029743 12452939 15926886   935646]
1654,[1082185 1106523 1070820 1068719  979707]
1657,[ 957063 1082185 1106523  979707  839208]
1658,[  885290 12301100  1082185   916122   978906]
1659,[1029743 1106523 6034857 1044078  866211]
1660,[1082185 1104649 1048849 1029743  845914]
1662,[ 916122 1126899  999104 1098844 1082185]
1663,[1082185 8292955 1070820 1029743 1053530]
1664,[1070702  897954 1044078  899624  965530]
1665,[ 1082185 12949590   986912  1019247  1060872]
1666,[1082185  983584 1122358 1029743 8090537]
1668,[1106523 1068719 1082185  976199 1087102]
1669,[1082185 1126899 1068719  979707 6034857]
1672,[ 852856 1029743 1096066 1044078 1106523]
1673,[1029743 1106523 1082185  948650 5569230]
1676,[ 888586  845208 1026258 1082185  962266]
1677,[1029743 5568378  819927  885290 1004906]
1680,[1082185  916122 5569471 1053754 1068719]
1683,[5569471 1070820 1082185  971474 1001333]
1684,[1106523 1082185  899624  845208 1068719]
1685,[1029743 1005274 1082185 1106523 1069039]
1686,[ 986912 1082185 1106523  935993  825365]
1687,[1126899 1010079  979707 1082185  994685]
1688,[1029743 1082185 1028715 5569230 1106523]
1689,[1082185 1029743 1000753 1133254  866548]
1690,[  951590   863447   907631 13210025  1082185]
1692,[ 1082185   823704  9527417 12695224  1106523]
1693,[1126899  933835  985999  901062 1082185]
1694,[8090521  990797 8090537  985893  947798]
1695,[1029743 1068719 1082185  979707 1038985]
1696,[1082185 1070820 1029743 1126899  979707]
1697,[1044078  926905 1029743 1016800 1082185]
1698,[ 930118  907631 1082185  866211 5585510]
1699,[ 993638 1048445 5569845 1082185  830203]
1700,[ 956486 5568378 8090509  844179 1082185]
1701,[1082185 1029743 1068719  979707  846823]
1703,[ 986912 1106523 5590613 5592931 5590695]
1704,[1082185 1068719  979707 1063594 6034857]
1705,[1082185 1044078  969866  956486 1068719]
1706,[ 860248 1082185 1068719  979707 6034857]
1707,[ 962229 1029743 1082185 9677236  834993]
1708,[ 1029743   951590  5569230  1082185 12648296]
1709,[1082185 7166861 1106523 1029743 1036939]
1710,[1082185 1029743 1106523 8090440  916122]
1712,[1082185 1126899  901062  979707 6034857]
1713,[ 893362 1060312  903602  851188  835973]
1715,[1082185 1098844 1126899 1127470 1068719]
1716,[1082185 1068719  979707 6034857 1081177]
1717,[1029743  852360  848319  899682  899624]
1718,[1082185 1106523 1070820  839656 1051323]
1719,[ 844179 1103105 1029743  865456 1106523]
1720,[ 951590 1070820 1082185  916122  933835]
1721,[1082185 1068719  979707 6034857 1081177]
1722,[1006184 8273833 1013703 1098248 1026118]
1723,[ 870559 1098844  876626 1106523 1022254]
1724,[1106523 1104343 1126899  854852 1082185]
1726,[1082185  872137 1029743 1126899  866211]
1728,[9296919  926905 1034838 5572220  823775]
1729,[1082185  858999 1106523 1029743 1104343]
1730,[1082185 5569230 1108168 1068719  979707]
1731,[1126899  858999 1106523 1109778 1018740]
1732,[1029743 1106523 1082185  976199 1027849]
1733,[ 986912  894439  847573 1025611 1086740]
1734,[1082185 5569230 1122568 1068719  979707]
1735,[  951590  1082990   989824 12810391  1082185]
1737,[ 901062 1082185 1068719  979707 6034857]
1738,[ 922847 5569471 1118033 1082185 1138631]
1739,[ 5568378  1082185  1106523 13841744  1070845]
1740,[1075368  854754  936470 1074333 1056509]
1742,[ 864335 1019637  908843  846823 1048373]
1743,[1082185 1106523 1068719  979707  899624]
1745,[1082185  988697 1106523  854852 1051323]
1747,[ 963971  831628 1082185  907631  824305]
1748,[1106523 5590613 1028995 5587656  916122]
1749,[1029743 1082185  934399 1135834  878715]
1750,[1082185  909714  966684 1068719  979707]
1751,[1070820 1050851 1082185 5569230 1051323]
1752,[  910673  1075470  1044078 15926886   965766]
1753,[ 986912 1082185 5568732  979707 1106523]
1754,[ 835300 1029743 1068292 5569230 1028715]
1755,[ 1082185 12171656  1029743  5585510   908318]
1756,[1082185 1075368 1126899 6391134  844179]
1758,[1126899  852856 1132771  976199 5569230]
1759,[ 863447 1082185 1126899 5590613  844179]
1760,[1029743  983584 1038985 1082185  906838]
1761,[1044078 1082185  854852  932340 1076199]
1762,[1082185 1029743 5569230  983584  976199]
1763,[1106523 1037840 1075368  866211  863447]
1764,[1075368 1126899  986912  878996 1024306]
1765,[1070820 1082185 8019186 1096635 1016709]
1766,[1082185  975649 1068719  979707 8090537]
1767,[1029743 1044078 1106523 5569230  844179]
1768,[12946027  6391134  1082185   899624   999858]
1769,[5563693 1029743  920191 6602697 1109778]
1770,[1029743  951590 1081177  960791 1090507]
1773,[ 916122 5569471 1082185 1056509 1070820]
1774,[1106523 1029743  883003  965766 1104343]
1775,[1082185 1126899 1037332  940947 1116096]
1776,[5569230 1026118  901666  878996 1082185]
1778,[ 1029743 12810393   890909  1082185  1128240]
1779,[1082185 1070820  979707 1104343  976199]
1780,[1082185 1106523  977508 5568378  908064]
1781,[1082185  862930  930118 1106523 1004906]
1783,[ 1029743  1114883  5569471 12384779   892728]
1784,[1126899  916122  979707 1082185  830503]
1785,[1126899 1082185  976199  933835  847186]
1787,[1082185 1029743  916122 1044078  860703]
1788,[ 909714  979707 1082185 1022254  837270]
1789,[1082185 1099905 1068719  979707 1109778]
1790,[1082185 5569471 1004906 1131634  997479]
1791,[ 5569230  1082185   916122   910673 14106445]
1792,[1075368 5569230  906917 1106523  880888]
1793,[1082185 1029743 1106523  979707  885290]
1794,[1106523 1082185 1027168 1029743  844179]
1795,[ 986912  916487 1070820  852600  878775]
1796,[1029743 1037840  965766  838186 1082185]
1797,[1082185  854852 9245106 9419198 6034857]
1798,[ 916122 1029743  866211 1082185  999858]
1800,[5570467 1082185 5575861  979707 5571261]
1801,[1082185  854900 1013928  839656 5569230]
1802,[1082185  885290 9707010  980823 1113274]
1803,[ 939860 1082185 1029743 1138292 1074333]
1804,[1082185 1029743  852856  948670  912704]
1805,[1082185  959737 1065017 1006483 1068719]
1806,[1029743 6602697 1126899 1051323 1082185]
1807,[1098248 1044078 1029743 5569845  916122]
1808,[1037840 1082185 1091090 1029743 5569230]
1809,[9483647 1082185  901062 1029743  848319]
1810,[12517450  1000925  1029743  1098284  1074040]
1811,[1106523 1135258  901976 1082185  858373]
1812,[1082185  979707 1068719  880150  852014]
1814,[ 937403 1014948 1082185  979707 1022254]
1815,[1082185 1029743  899624 1026118 5569230]
1816,[8090521 1082185 1070820 8090532 1029743]
1817,[ 908318  925862 1005274  872137 1020208]
1818,[5570467 1082185 1106523 1011861 1044078]
1821,[1106523 5568378  979707  862070 1081177]
1822,[1082185  962229 6034857 1029743  909714]
1823,[1082185 1070820 1029983 6602697 1098844]
1824,[1106523 7168026 5569471 5563693 8177622]
1826,[1029743 1106523 1082185 1072523  899201]
1829,[1135044 1082185 1029743  878996 1022254]
1831,[1082185 1098248  901062 5569374 1104343]
1832,[1082185 1131344 1007240 1081533 1061747]
1833,[1082185 1106523  844179 1126899 1070820]
1835,[1024306  933835 1029743 1026258  908318]
1836,[1082185 1126899 5569471 1057102 6034857]
1837,[ 965842  979707  854852 1001656 1082185]
1838,[1082185 1106523 9835619 1068719  979707]
1839,[1106523 1070727 1029743  991761 1101932]
1841,[ 925350 1004906 9296836  999858 1082185]
1843,[1082185 1038985 1070820 1068719  979707]
1844,[1082185  916122  979707 1068719 1022254]
1845,[1126899  976199  916122 1072437  986912]
1846,[1114605 1082185 1029743 1068719  979707]
1847,[ 951590 1070820 5569230 1131115 1082185]
1848,[ 986912 1135834  879373 1082185  835098]
1849,[5592232 1082185 6534077 1029743 1044078]
1850,[1082185 1002771  979707 6034857  872137]
1853,[1082185 1075368 1068719  979707 1004436]
1854,[ 1062002   843346  1082185 15831209  1127831]
1856,[ 986912 1082185 1070820 1001277 1011920]
1857,[1082185 1031316 1029743 1068719  979707]
1858,[ 8119101  1082185  1004906  1057102 12782182]
1861,[1029743 5568378 1082185  899624  979707]
1862,[1082185 5569230  916122 8090521 8090509]
1864,[1098844 1098248 1024306 5563693  965842]
1865,[1098435 1082185  833724  986912 1055425]
1867,[5569230 5569471 5569845  916122 1082185]
1868,[ 846823 1103808 1082185 1068719  979707]
1869,[1126899 1082185  940947  913210  916122]
1871,[1055425  854852  966684 1081177 1082185]
1872,[1082185 5574358 1134473  913210 5569186]
1873,[1101010  962229 9446069 1106523 5569230]
1876,[1082185 1068719  979707  973016 6034857]
1877,[1082185 1029743 1068719  979707 6034857]
1879,[ 951590  933835 1101010  885290  922561]
1880,[1082185 1081177  930385 1075368 5568378]
1881,[ 852360  901062 1082185 5569327 1070845]
1882,[1082185 1029743 1068719  979707 1070820]
1883,[1082185 8090521 5569230  899624 6534035]
1884,[1082185 1029743  883932 1068719  979707]
1885,[1082185 1068719  979707 1008675 6034857]
1886,[1082185 1106523 1068719  979707 1016298]
1887,[1126899 1082185 1070820 7441498 1055044]
1889,[ 891505 1082185 1029743  947798 1037840]
1890,[1126899 1061982  901344  916122 1003616]
1891,[ 1082185  7025362  7025204 12484397  6602697]
1892,[1021116 1082185  851819  899624 1106523]
1895,[1082185 5569471 1129049  879734  963971]
1896,[1075368 1082185 1029743 1037840  854405]
1898,[1082185 1068719  979707 7409982 6034857]
1899,[1122358  916122 1040807  951590 1029743]
1900,[ 898847  971922 1087102  883003 5569471]
1901,[1013928  951590 8203851  836445 1025611]
1903,[1106523 1082185 1124695  965530 1035676]
1904,[1123842 1082185 1068719  979707  930666]
1906,[1114653  871633  913210  845208  908318]
1907,[ 848319 1075368 1125601  976199  872137]
1909,[1082185 1068719  979707 5588161 6034857]
1911,[1082185 1070820  981900 6391532  880895]
1912,[ 1029743  1106523  1082185  5585510 12302069]
1914,[ 894439  892573  862010 1077133 1043787]
1916,[1082185 1106523 1050851  885290  965766]
1917,[1106523  878996  975085  829722 1082185]
1918,[1082185 8090440 1069312 1029743 1014948]
1919,[1026118 1082185 1106523 1098284 1019637]
1920,[ 833724 1082185 1019643 1115576 1137688]
1922,[6391173 1126899 1040511 1132771 1070820]
1923,[ 833724  901062 1082185  965842 6034857]
1924,[1029743 1138487 1106523  983584 1082185]
1925,[1024306 1029743 1081177  837270  901062]
1926,[ 1082185  1068719 12262830 12782182 12781829]
1927,[1106523 1029743  951590  916122 5572738]
1928,[1082185  983584 1070820 1125199  908504]
1929,[1024306  951590  933835  899624  916122]
1930,[5568729 1051323 1082185 1128016 1106523]
1931,[1106523 1082185  913210 1048727  823704]
1932,[1082185 1068719  979707 1029743 1081177]
1935,[1126899  999104 1048257 1082185  844179]
1936,[1029743  844179  971922  834117 1138443]
1937,[ 1070820   964342   999104 16100266  1082185]
1939,[1029743  844179 1044078  926905 1082185]
1940,[1026118  969866  950118 1094924 1082185]
1941,[1044078 1082185 1050851 1106523 5592931]
1942,[5569230  839656 1106523 1082185 5569471]
1943,[7152455 7147145 7147142 1029743 1122358]
1944,[ 1070820 14106445  1082185 10344585  1029743]
1945,[7463287  839419 1006878 1082185 1029743]
1946,[ 1082185  1070820   916122  1013597 10344585]
1947,[1126899  951590 1097635 1028938 5568378]
1948,[ 916993 1082185 6533333 1137688 5592931]
1949,[ 1082185  1044078 13909964  1048833  1004857]
1950,[1126895 1106523 1082185  921504 1079987]
1951,[1082185 1068719  979707 6034857 5569327]
1952,[1029743  834117  995502 1082185 1068719]
1953,[1082185  993638 1050851 1004906 1044078]
1954,[1026118 1082185  899624  934639 1038745]
1955,[1082185  839162 1063739 6534406  974250]
1956,[1070820 1126899  867709  970866 5569471]
1957,[1029743 8177622 5568378 5569230 1056778]
1958,[1082185  857503  899624 1026118 1068719]
1959,[1029743 1082185 1104343  916122 5569471]
1960,[1044078 1082185  883003 9245106  839656]
1961,[ 982790 1106523 1082185  893018 1126899]
1962,[1082185 6391381  913210 1056509  991874]
1963,[1082185 5569471 1082990  922651  916122]
1964,[1082185  925350 1002771  910032 1120261]
1965,[1082185 9881593  893018 9881592 5569230]
1966,[1070820  950271  988277  944836 1019643]
1967,[1029743 1082185 1106523  866211 6633210]
1968,[1029743 1082185 1090676 1122358 1106523]
1969,[1029743 1044078 1081177  916122 5569845]
1970,[1082185 7147145 1072086 1044078 1029743]
1971,[1029743  899624 1082185 1126899 1070820]
1975,[ 909714  986912 5569845 1108055 5574377]
1976,[1106523 1082185 1082990 1019637 1075368]
1978,[1082185 1029743 1126899  836286  916122]
1979,[1029743 1106523 5569230 1082185 8090521]
1981,[ 8203851  1126899 16100266  1122358  1082185]
1982,[ 1082185 16100266  1071759   856335 14106445]
1983,[ 885290 1082185  866211 1029743 5569230]
1985,[1106523 5569230 1004906  901062 1132231]
1987,[1082185 1068719  979707 6034857 1081177]
1988,[ 1106523 16100266  1069538  6034857  1080472]
1989,[ 898847 1082185 8090539  999858  840227]
1990,[1029743 1126899 1082185 1024306 1081177]
1991,[1082185  893018 5569230 1068719  979707]
1992,[1082185 1050741  916122 1068719  979707]
1993,[ 986912 1082185 1044078  916122 1018740]
1994,[1082185 1126899 1070820 1029743 1068719]
1995,[1029743 1106523 5569230 1082185 9832628]
1996,[1082185 1029743 1126899 1070820  851394]
1997,[10344585  1126899   844179   893018  1008675]
1998,[1106523 5592931 1082185  965766 5569230]
1999,[1082185 1029743  866211 1004906 1068719]
2000,[1082185  967144  998119  916122 8090509]
2001,[1126899  986912  878996  883003 1138443]
2003,[10344585  1082185   992169  5569471   857503]
2004,[ 999104 5568378 1055425 1029743  880150]
2005,[  986912   951590  1082185 13841744  1075470]
2006,[1029743 1106523 5569471 1070820 1082185]
2007,[1106523 1082185 9420314  845208  857348]
2008,[1126899  936830 1082185 1102067 1106523]
2010,[1082185  880150 5564901  826666 6534480]
2011,[1082185  909268  916487 1006184 1118479]
2012,[ 868645 1106523 5569230 5568378  866211]
2014,[1082185 1068719  979707  916122 1106523]
2015,[1082185 1029743  865528  940947 6464208]
2016,[1082185 1075175 1106523 1068719  979707]
2017,[1098248 1126899 1070820  983584 1082185]
2018,[1082185 1106523 1081177  866211 1122358]
2019,[1029743  856818  899624 1081177 1044078]
2020,[1068719  986912 1082185 1122358 1036486]
2021,[ 951590 1082185  896862 9835223 1044078]
2022,[ 1082185  1029743 13944905 15972565  1058214]
2023,[ 5569374  1003699 10344585  1082185  1011457]
2025,[ 894570 1082185  913144 1029743 1007512]
2026,[ 916122 1082185 1068719  979707  944534]
2027,[1082185 1044078 1029743 5568378 1068719]
2028,[5568378 5569230 1082185  882190  895295]
2029,[1082185 1029743  892728  989824  884089]
2030,[1029743 1082185 1056509 5569471 1137775]
2031,[1044078 1082185 1068719  979707 6034857]
2032,[1082185 5569230 1070820 1079228 1068719]
2033,[1082185 1029743  979707 1068719 1127758]
2034,[1098248 1126899  916122 1098844 1082185]
2036,[1024306 1126899  901666  878996  885290]
2037,[1082185 1018007 1029743 1005274 1068719]
2038,[1082185 1029743  820321  979707 1082212]
2039,[1082185 1029743 1106523 1051323 1021116]
2040,[1029743 1082185 1126899 1044078  899624]
2041,[1074333 1008814 1082185 1127716  921406]
2042,[1098844 1126899 1067954 1048237 6034857]
2043,[ 998119 1082185 5569327  931255  871756]
2046,[1082185 1029743 1070820  833598 8090521]
2047,[ 933835 1082185 1106523 8090537 1029743]
2048,[1106523 6391137 1082185 9835509 1075368]
2049,[ 976199 1082185 1053016 5569327  956672]
2050,[ 1082185  1075786 13841744   899624   857503]
2055,[1097661 1097704 5568378  907418 1011926]
2056,[  962229  1029743  1106523  1082185 15926886]
2057,[1082185  901062 1070820 1068719  979707]
2058,[ 1082185  1022254 14106445   872137  1061982]
2059,[1126899 1082185 5569230 1008288 6034857]
2060,[ 986912 5569230 1082185 1029743 6534077]
2062,[ 1082185   899624  1029743 15926886  1056509]
2063,[1082185 1022254 1087102  841220 1122358]
2064,[1082185  854754 1081177 1029743  866548]
2065,[ 1029743  8090521  1068719  1082185 12810393]
2068,[ 1070820  1082185  1024306  9245106 13506200]
2070,[ 986912  899624  916122 1029743 1106523]
2071,[ 899624  933835 1082185 1106523 1029743]
2072,[1082185 1070820 1068719  979707 6034857]
2075,[1029743  899624 1044078 1123842 1082185]
2076,[1106523  835098 1082185 1098844  854852]
2077,[1106523 6463742 1117514 1082185  896613]
2079,[1106523 1025650 1082185 1026118 5569230]
2080,[ 865528 1004906  838186 1044078  845208]
2081,[1082185 1106523 1068719  979707 1060872]
2082,[ 909714 1082185  999250  848319  899624]
2083,[1070820 6534077  845208 1037751  844179]
2084,[1082185  878996 6034857 1070820  979707]
2085,[1082185  962229 1070820 1029743 1101010]
2086,[1082185 1029743 1081177 1004906  834117]
2087,[1029743 1082185 5569230  976199 1137688]
2088,[1029743 1082185 5569327 1044078  965766]
2089,[1126899 1082185 1068719  979707 1102829]
2090,[1082185 1131506  922847 1070845  916122]
2091,[1068719  979707 6034857 1081177 5568378]
2094,[1082185  916993 1022254 1070820  859427]
2095,[ 986912 1106523 1068719  933835 1082185]
2099,[1029743 1082185 1024306 1068719  979707]
2100,[ 1106523  1082185 15926886  1041796  1036699]
2101,[ 983584 1082185 1029743 1068719  979707]
2102,[1082185 1135834  882604  926206  854852]
2103,[1082185 1029743 1068719  979707 1084036]
2105,[1082185 1127831 1106523 1068719  979707]
2108,[6534074 1081177 1082185 1106523 6533936]
2109,[1042907  893018  935993 8065410  896862]
2110,[1082185 1106523 1029743 6034857 8066803]
2111,[1082185 1126899  979707 8090532 1127716]
2112,[1029743 1082185 5585510 1126899 1098248]
2114,[ 944486 1082185 1135476  885290 1126899]
2115,[ 1070820 15926886   916122  1029743 15926844]
2116,[1029743  986912 1105917  913210  852360]
2119,[1056267 1082185  899624  965766  970747]
2120,[1082185 1068719  979707 6034857 1081177]
2121,[1026118 1082185 5585510  999563 5568729]
2122,[1082185 1068719  979707 6034857 1081177]
2123,[1029743  824180  899624 5569230 1076199]
2124,[1029743 1106523 1126899 1082185  965766]
2125,[1029743  976199 5581910 1068719  857503]
2126,[1126711  976199  833724 1104343 6034857]
2129,[1029743 5569230 1004906 1082185 5569471]
2130,[1082185 1068719  872137  899624  935993]
2131,[ 986912 1070820 1082185  965766 5569845]
2132,[1082185  990797  866211 1068719  979707]
2133,[1126899 1082185 1019247 1068957  866211]
2134,[1082185 1098844  951590  865705  844179]
2135,[1082185  874563  922561 1068719  979707]
2136,[  901062  1024306  6602729 13906641 13039088]
2137,[ 1082185 12302069   910673  1096635  1029743]
2138,[ 933835 5568378 1029743 1082185 1070820]
2139,[1082185  844179 1029743 1070820 5568378]
2141,[1070820  933835  901062 1014116  971922]
2142,[ 1029743  6533362   913210 12188587  7025202]
2145,[1082185 6391080 1001827 1103187 1068719]
2146,[ 1082185  1029743  1106523 12731447  1016276]
2147,[1106523 1082185  976199 1005274  933835]
2148,[ 948670 1082185 1107839 1101010 1106523]
2149,[ 1082185  1106523   849202 13003101 13416117]
2151,[1082185 1029743 1122358 1068719 1075470]
2153,[ 1058709 13841744  1082185  1029743  1122358]
2154,[1106523 1082185  901062 1024306  838186]
2155,[ 1082185  1068719   979707  6034857 12132315]
2156,[1029743 1082185 1122358  913210 1016276]
2158,[1082185  907631  986912  844179  926033]
2159,[1106523 1082185 8090537 1029743 8067128]
2160,[12262978  1070702  1082185  7169089   916122]
2161,[ 951590 1126899  944836 9296919 6602697]
2162,[  979674  1059153   994685 15596112   847241]
2163,[1016274 1082185 8090532  898043  859987]
2167,[1082185 1106523 5569230 1068719  979707]
2168,[8090521  844179 5568378 1082185 1044078]
2169,[1082185 1126899 1068719  979707 1044078]
2170,[1013928 8090537 5569230  933835 8090521]
2171,[ 951590  974336  970861 1082185  883932]
2172,[1029743 1082185 1037863  849202 1115576]
2173,[ 951590 1082185 1106523  899624 1029743]
2174,[1082185 1106523 1068719  979707 1126899]
2175,[  823990  1082185  1119761 10150194  1068719]
2176,[1082185 1106523 1086740 5581335  844179]
2179,[1082185 1106523  999858  911311  979707]
2181,[1029743 1106523 1082185 1126899  971922]
2182,[1082185  892500 6464180  896757  979707]
2183,[1082185 1029743 1098248  948670 5569374]
2184,[1082185 1075214 1022340 1010681  941658]
2185,[1082185  878996  909714  863447 1050851]
2186,[1106523 5569230 1075368  965766 1044078]
2188,[1106523 1082185  933835 1101010  819978]
2189,[1082185 1062002 5569230  983584  913210]
2190,[1106523 1082185 5568378  976199 1042907]
2193,[5569845  862725 1098844  909002 1055504]
2194,[ 1081177  1062128   986912 15926886   945909]
2195,[1126899  940947 1082185 1000237  916122]
2196,[ 1082185  5569374 13213240  1029743  1029477]
2197,[5569230 1082185  879504  916122 1044078]
2198,[1013928 1134738  834117  856252  910473]
2199,[1070820 1082185  916993  944836 1101010]
2200,[6773232  916122 1082185  870929  999858]
2202,[1082185 1068719  979707 6034857 5568378]
2203,[1082185  979707 1029743 1068719 1081177]
2204,[1044078 1082185  916122  845208 1068719]
2205,[1082185 1029743  926905  965530  878996]
2206,[1029743 1082185  981660 1068719  979707]
2207,[ 986912  916122  911311 1082185 6034857]
2208,[1106523 5569230 5568378  899624 1106271]
2209,[ 1029743  1082185 14106445   885290  1070820]
2211,[1126899  844179 6533936 1026209 1070820]
2212,[1082185 1068719  979707 6034857 1081177]
2213,[1082185 1126899 1000237  995965  979707]
2214,[1082185 1068719  979707 6034857 1081177]
2215,[ 1075368 13506119  1025650  1128240  1082185]
2217,[1029743 1082185  993085 1070820  865718]
2221,[1082185 7410321 7410320 1070727 1120261]
2222,[5569230 1029743  922127 1082185  847207]
2223,[1082185 1029743 1068719  979707 6034857]
2224,[1070820 1082185  829621 1031087 1097761]
2225,[1070820  866871 1082185 1126899 1110111]
2226,[1082185  986912  935993 8019273  981660]
2228,[1082185 1029743 1106523  972931  971474]
2229,[1034176  880427 1070820 5592610 1055504]
2231,[1082185 1024306 1009187 1104483  944836]
2233,[1082185  855745  970202 1081177 1098844]
2234,[ 854754  915493 1121694  878996 1104343]
2235,[12731436 14106445  1082185   969866   981374]
2237,[ 916122  976199 1082185 1058185  844179]
2238,[1029743 1126895 1127758  843898 1082185]
2239,[1082185 1115971 1029743  880150  896085]
2240,[5569230 1029743 1106523 5568378 5569845]
2241,[1082185 1122358 1029743 1068719  979707]
2243,[ 899624  903529 1082185 1004906 5570383]
2244,[1108131 1029743 1068719 1044078 1106523]
2245,[1098248 1106523 1081177 1044078 1082185]
2247,[1042544 1106523  863447  936685 1065538]
2248,[1035691  949965  893018  892376 1020404]
2250,[1082185  979707 1022254 1068719 1081177]
2252,[1029743 1106523 1082185 1044078 6034857]
2253,[1082185 1029743 1068719  979707 9575582]
2256,[1082185 1068719  979707 6034857 1081177]
2257,[1104349 1106523  925862 1106116 1068719]
2258,[1126899  901666 1082185  828393  833940]
2259,[1082185 1068719  979707 6034857 1081177]
2260,[ 1029743  1082185 13841744 12132312  1024319]
2261,[1106523 1037840  944534  983584  916122]
2262,[ 893018 1122358 1019247 1128016 6773232]
2263,[ 976199 1044078 5592931  986912  901062]
2264,[1126899  916122  976199 5592610 8090440]
2266,[1024306 6602697  845208  993638 1026118]
2267,[ 913210 1126899 6514160 1071759 1082185]
2269,[5569230  951590 5568729  916122  823704]
2270,[1044078  922561  912860 1082185 1024731]
2271,[1082185 1001277 1068719  979707  993638]
2272,[1082185  920191 1037863  883932  951590]
2273,[ 880427 1029743 1082185  825170  916122]
2274,[ 986912 1013928 1082185 1004906  838859]
2275,[ 844179 1044078  916122  899624 1082185]
2276,[1082185 1068719  979707 1095587  983584]
2277,[1082185 1106523  947798  985893 1051323]
2278,[1082185  901062  959737 1004436 1070820]
2279,[1082185 8090537  849697 1121360  979707]
2280,[1070820 1101010 1097635 1082990 5569230]
2281,[ 1126899  1046756  6514160  6534077 13213082]
2282,[ 1070820  1082185   833724   862930 10457590]
2283,[1082185 1070820 1126899 1068719  979707]
2284,[ 979707  916122 1071446 1046756 1044259]
2285,[1134633 1082185 5569471 9935616 5568249]
2287,[1029743  971922 1082212 1024306 1027168]
2288,[1082185 1126899 1070820  856252 1068719]
2289,[1029743  913210  834396  984680 1082185]
2290,[1082185 1029743  883003  827656 1068719]
2291,[  986912 12523928   962588  1082185  1068719]
2292,[ 1082185 15926844   880895  1043534  1029743]
2293,[ 1126899 14106445  1082185  1070820  1055504]
2294,[1029743 1082185 7410361 1008032 1106523]
2295,[1106523  899624 5590613 1068719 1082185]
2296,[1029743  853124 1101010  856252 1070820]
2297,[ 1082185  1127758  1106523 12731544  1068719]
2298,[1082185 1106523  844179 1029743  998912]
2299,[6602697  878996  916122 9833335 1082185]
2300,[ 1029743 10344585  1082185  1124323  8273833]
2301,[1029743 1138292 1057749  932340 1082185]
2302,[1029743 1082185 1004906  823704  916993]
2303,[ 1082185 12188587  5569230  1029743   826666]
2305,[1029743 1069039 1082185 1056509  983584]
2307,[1082185  883003  986912 1138443  976199]
2308,[1082185 1029743 1068719  979707 6034857]
2310,[1082185  961980 8020166 5568378 6034857]
2312,[1082185 1070820 6034857 5563693  979707]
2314,[1082185 1126899  948298 1048257 1138443]
2315,[1082185 1068719  979707 6034857 1081177]
2317,[1082185 1024306  933835  916122 1029743]
2319,[1029743 1082185 1044078 1068719  979707]
2322,[ 1082185 13417954  1007571  1135476  1026118]
2323,[1082185 1068719  979707 6034857 1081177]
2324,[ 1082185  1029743 10143784   938118  1106523]
2325,[1082185 1068719  979707 6034857 1081177]
2328,[1082990  929373  916122 1106523 1127831]
2330,[1029743 1082269 1082185 1101010 1053988]
2331,[1029743  856252 1082185  933835 5568378]
2333,[1082185 1068719  979707 6034857 1081177]
2334,[ 1029743   951590  5568378   892573 13841744]
2335,[ 899624 1103808 1082185  866211 1106523]
2336,[5569230 1082185 1005493 5568489 5569471]
2337,[1097398 1082185 1044078  918638 1081177]
2338,[1106523 1082185 1082990 1101706  890695]
2339,[1082185 1106523 1068719  979707 6034857]
2340,[1075007 1106523 1082185 8090521  871061]
2341,[1082185 1081177  924667  907625 1029743]
2342,[ 1029743  5569230  1082185 12810391  6034857]
2343,[ 883003 1082185 6602327 1029743  916122]
2344,[ 1106523  1082185  5569230   839438 10285373]
2345,[1029743 1106523  844179  916122 5569230]
2347,[1029743 8090521 1082185 1056509 1022097]
2349,[ 836085 1068719  979707 1029743 1082185]
2350,[1082185  899624 1101010  883003 1124432]
2351,[  845208 16100266  1029743   976199   916122]
2352,[1082185 5569471 1068719  979707 5568378]
2354,[ 913210 1126899  944836 1112238  916122]
2359,[1106523 1082185 1044078 1103105  965766]
2360,[1029743  909714  844179 1082185  916122]
2361,[ 1126899  1082185   840227  1053329 12811532]
2363,[6602697  944137 1082185 1070820 1029743]
2364,[5707857 1082185 1068719  979707 1022254]
2366,[ 948670 1044078 1004906  849202 7463287]
2368,[1082185 1126899 1029743  916122  857503]
2369,[1082185  951590 1128812 1029743 1106523]
2370,[1070820  897954 1098248  899624 1082185]
2372,[ 982469 1082185 1038985  851066 1051283]
2373,[1082185 1068719  979707 7152455 6034857]
2374,[1070820 1082185 1081177  872137  901062]
2375,[ 899624 5585510 1106523 8065410  986021]
2376,[1029743 1057168  844179 1082185  862070]
2377,[1055168 1082185  866211  962671  880895]
2378,[ 1029743   916122 12301109   819978  1082185]
2379,[ 854405  931255 7139529  946839 1082185]
2380,[1029743 1122358 1082185  948670 1039927]
2381,[ 895930  890695 1044078 1093413  916122]
2385,[1082185 1106523 1029743 1102250 1056509]
2386,[1029743 1050851 1082185 1009187 5568378]
2387,[ 940947  839192 1126899 1082185  848029]
2388,[1106523 1082185 1029743 1068719  979707]
2389,[ 1029743 12946027   930666  1082185   937736]
2392,[1068719 5568378  965766 1004906 1009368]
2393,[1082185  976199  962967  913210  863447]
2394,[1082185 5569327  988791  998119 1068719]
2395,[1029743  985893 1106523 1082185  949294]
2397,[1082185  883932  979707  951590 1022254]
2399,[1082185 1068719  979707  993638 1086740]
2400,[1082185  838186 1044078 1106523 1014948]
2401,[ 848029 1106523  878996  825343 1082185]
2404,[1082185 1068719  979707 6034857 1081177]
2405,[6602697 1029743 5568378 1082185  972143]
2406,[1082185 1126899  878996 5569230  910109]
2407,[ 1029743   976199 15926886  1038443   865456]
2408,[ 908318 1029743 1138443 1000753 9527159]
2410,[1106523 5569230 1070820 5569471  893018]
2412,[1106523 1044078 1068719 5568378 1122358]
2416,[1126899 1098844  842698 1044637  955854]
2418,[1029743 1044078 1082185 1004906 1100379]
2420,[1068719  880150 1106523 1029743  999779]
2421,[ 999104  878996 1138443  883003  933835]
2424,[1029743 1082185 6034857  854852  916993]
2425,[1029743 1082185 1070820  916122 5569230]
2426,[1029743 1058404 1044078 1082185  958208]
2427,[10341855   980823   916122  1082185   856252]
2429,[1106523 1029743 1082185 1044078 1122358]
2431,[1082185 1106523 1004906 5569230  969866]
2434,[1068292 1082185 1106523 1131344 1004906]
2435,[ 899624 1029743  866211 1081177 1082185]
2437,[1082185 7409618  901062 1004906  885290]
2438,[ 951412  919766 8090556  892531 1082185]
2439,[1082185 1068719  979707 1106523 6034857]
2440,[9297194 1106523  874972 1081177  835296]
2441,[1029743  948670  898121 1082185  885023]
2442,[1082185 5569230 1068719  979707 1126899]
2445,[1029743  933835  844179 1082185 1102879]
2446,[1082185 1000542 1044259  990797  938118]
2447,[5578547  908318 1062002 1082185 1135476]
2448,[1106523  993638 7168026 1054402 6034857]
2449,[ 979707 1029743 5569230 1098844  901062]
2450,[ 976199 1135476 1082185 9856740 1070820]
2451,[1029743  948670  872137  854754 1117514]
2452,[5568378  910673 1081177 1137387 1074333]
2453,[ 976199 1082185 1070820 1136719 1106271]
2455,[1029743 1082185  933835  844179 1106523]
2456,[1082185  916122 1126899 1068719  979707]
2457,[1106523  878996 1082185  916122  876115]
2458,[ 965842  885290  901062 1082185 1041796]
2459,[5576075 9526628 1050851  918638  973916]
2460,[1082185 1068719 5569230 5569792 5568378]
2461,[1098844  854405 1091520 6514160 1022254]
2462,[6034857  916122  979707 1029743  901062]
2464,[1082185 1068719  979707 6034857 1081177]
2465,[  856252  1082185   986912 10344585   993379]
2466,[1068719 1029743 1082185  820347  878636]
2467,[1055425 1126899  909714 1082185 1083446]
2470,[1082185 1129912  823356  920626  976114]
2471,[1082185 1068719  979707  880895 6391532]
2472,[1029743  930118 1068292 1082185 1122358]
2475,[1070820 1108094 5569471  837969 1126899]
2477,[ 916122 1098844 1082185 1126899  845208]
2478,[ 965766  979707 1123106 1061688 1082185]
2479,[1106523  916122 1127831  951590  933835]
2481,[1029743 1056509 1126899  865456 5568378]
2482,[1106523 5565392 5565612 1029743 5569230]
2483,[6533936 1070820 1131625 1082185 1135971]
2484,[1029743  899624  834117  913210  863447]
2485,[ 1082185 12695224  1134483  1083446  5569230]
2486,[5569230 8090521 1082185 1029743 1106523]
2488,[  933835 13213475  1082185  1070820   913210]
2489,[1068719 9338009 5568729 1029743 1088910]
2492,[ 986912 1106523 1128812  888054 1082185]
2494,[1082185  969568 1033769  979707 1029743]
2496,[ 916122  933835 1082185 1056509 5569230]
2497,[8177622 1070820 5569230 1135834 1081177]
2498,[1082185 1070820  901776 1106523 1022066]
2499,[5568378 1070820  999198 5569327 1082185]
2500,[1019643 1082185 1056509 1065538 1126899]
